DistributionTypeID,ExternalVariableTypeID,ExternalVariableMin,ExternalVariableMax,Value,ValueDistributionRelativeFrequency
Wetland: Estuarine Emergent Net Growth Wetland Emergent: Atmosphere -> Foliage,Site ID Wetland: Estuarine Emergent,13,13,0.12605581937630805,1
Wetland: Estuarine Emergent Net Growth Wetland Emergent: Atmosphere -> Foliage,Site ID Wetland: Estuarine Emergent,1,1,0.10159587144292988,1
Wetland: Palustrine Emergent Net Growth Wetland Emergent: Atmosphere -> Foliage,Site ID Wetland: Palustrine Emergent,1,1,0.1527923052753023,1
Wetland: Estuarine Emergent Net Growth Wetland Emergent: Atmosphere -> Foliage,Site ID Wetland: Estuarine Emergent,2,2,0.21349859805449123,1
Wetland: Estuarine Emergent Net Growth Wetland Emergent: Atmosphere -> Foliage,Site ID Wetland: Estuarine Emergent,14,14,0.17461643492547985,1
Wetland: Estuarine Emergent Net Growth Wetland Emergent: Atmosphere -> Foliage,Site ID Wetland: Estuarine Emergent,3,3,0.18405814853622393,1
Wetland: Estuarine Emergent Net Growth Wetland Emergent: Atmosphere -> Foliage,Site ID Wetland: Estuarine Emergent,4,4,0.19650595649799035,1
Wetland: Palustrine Emergent Net Growth Wetland Emergent: Atmosphere -> Foliage,Site ID Wetland: Palustrine Emergent,2,2,0.09347409832789204,1
Wetland: Estuarine Emergent Net Growth Wetland Emergent: Atmosphere -> Foliage,Site ID Wetland: Estuarine Emergent,15,15,0.06884541524884785,1
Wetland: Estuarine Emergent Net Growth Wetland Emergent: Atmosphere -> Foliage,Site ID Wetland: Estuarine Emergent,5,5,0.1567078631791499,1
Wetland: Palustrine Emergent Net Growth Wetland Emergent: Atmosphere -> Foliage,Site ID Wetland: Palustrine Emergent,3,3,0.1702738667153811,1
Wetland: Palustrine Emergent Net Growth Wetland Emergent: Atmosphere -> Foliage,Site ID Wetland: Palustrine Emergent,4,4,0.23760617710616636,1
Wetland: Estuarine Emergent Net Growth Wetland Emergent: Atmosphere -> Foliage,Site ID Wetland: Estuarine Emergent,6,6,0.15165530115136536,1
Wetland: Palustrine Emergent Net Growth Wetland Emergent: Atmosphere -> Foliage,Site ID Wetland: Palustrine Emergent,5,5,0.1429379970630369,1
Wetland: Estuarine Emergent Net Growth Wetland Emergent: Atmosphere -> Foliage,Site ID Wetland: Estuarine Emergent,7,7,0.13615927309845471,1
Wetland: Estuarine Emergent Net Growth Wetland Emergent: Atmosphere -> Foliage,Site ID Wetland: Estuarine Emergent,16,16,0.35847493132813174,1
Wetland: Estuarine Emergent Net Growth Wetland Emergent: Atmosphere -> Foliage,Site ID Wetland: Estuarine Emergent,8,8,0.18845223765538208,1
Wetland: Estuarine Emergent Net Growth Wetland Emergent: Atmosphere -> Foliage,Site ID Wetland: Estuarine Emergent,9,9,0.35902759724079114,1
Wetland: Palustrine Emergent Net Growth Wetland Emergent: Atmosphere -> Foliage,Site ID Wetland: Palustrine Emergent,6,6,0.1300750154264421,1
Wetland: Estuarine Emergent Net Growth Wetland Emergent: Atmosphere -> Foliage,Site ID Wetland: Estuarine Emergent,10,10,0.29942762005220785,1
Wetland: Estuarine Emergent Net Growth Wetland Emergent: Atmosphere -> Foliage,Site ID Wetland: Estuarine Emergent,11,11,0.17066701333251869,1
Wetland: Estuarine Emergent Net Growth Wetland Emergent: Atmosphere -> Foliage,Site ID Wetland: Estuarine Emergent,17,17,0.16335533260056684,1
Wetland: Estuarine Emergent Net Growth Wetland Emergent: Atmosphere -> Foliage,Site ID Wetland: Estuarine Emergent,18,18,0.28621117336401525,1
Wetland: Estuarine Emergent Net Growth Wetland Emergent: Atmosphere -> Foliage,Site ID Wetland: Estuarine Emergent,12,12,0.15654702380269706,1
Wetland: Estuarine Emergent Net Growth Wetland Emergent: Atmosphere -> Fine Roots,Site ID Wetland: Estuarine Emergent,13,13,0.8739441806236921,1
Wetland: Estuarine Emergent Net Growth Wetland Emergent: Atmosphere -> Fine Roots,Site ID Wetland: Estuarine Emergent,1,1,0.8984041285570702,1
Wetland: Palustrine Emergent Net Growth Wetland Emergent: Atmosphere -> Fine Roots,Site ID Wetland: Palustrine Emergent,1,1,0.8472076947246977,1
Wetland: Estuarine Emergent Net Growth Wetland Emergent: Atmosphere -> Fine Roots,Site ID Wetland: Estuarine Emergent,2,2,0.7865014019455088,1
Wetland: Estuarine Emergent Net Growth Wetland Emergent: Atmosphere -> Fine Roots,Site ID Wetland: Estuarine Emergent,14,14,0.8253835650745202,1
Wetland: Estuarine Emergent Net Growth Wetland Emergent: Atmosphere -> Fine Roots,Site ID Wetland: Estuarine Emergent,3,3,0.8159418514637761,1
Wetland: Estuarine Emergent Net Growth Wetland Emergent: Atmosphere -> Fine Roots,Site ID Wetland: Estuarine Emergent,4,4,0.8034940435020097,1
Wetland: Palustrine Emergent Net Growth Wetland Emergent: Atmosphere -> Fine Roots,Site ID Wetland: Palustrine Emergent,2,2,0.906525901672108,1
Wetland: Estuarine Emergent Net Growth Wetland Emergent: Atmosphere -> Fine Roots,Site ID Wetland: Estuarine Emergent,15,15,0.9311545847511521,1
Wetland: Estuarine Emergent Net Growth Wetland Emergent: Atmosphere -> Fine Roots,Site ID Wetland: Estuarine Emergent,5,5,0.8432921368208501,1
Wetland: Palustrine Emergent Net Growth Wetland Emergent: Atmosphere -> Fine Roots,Site ID Wetland: Palustrine Emergent,3,3,0.829726133284619,1
Wetland: Palustrine Emergent Net Growth Wetland Emergent: Atmosphere -> Fine Roots,Site ID Wetland: Palustrine Emergent,4,4,0.7623938228938337,1
Wetland: Estuarine Emergent Net Growth Wetland Emergent: Atmosphere -> Fine Roots,Site ID Wetland: Estuarine Emergent,6,6,0.8483446988486346,1
Wetland: Palustrine Emergent Net Growth Wetland Emergent: Atmosphere -> Fine Roots,Site ID Wetland: Palustrine Emergent,5,5,0.8570620029369631,1
Wetland: Estuarine Emergent Net Growth Wetland Emergent: Atmosphere -> Fine Roots,Site ID Wetland: Estuarine Emergent,7,7,0.8638407269015453,1
Wetland: Estuarine Emergent Net Growth Wetland Emergent: Atmosphere -> Fine Roots,Site ID Wetland: Estuarine Emergent,16,16,0.6415250686718683,1
Wetland: Estuarine Emergent Net Growth Wetland Emergent: Atmosphere -> Fine Roots,Site ID Wetland: Estuarine Emergent,8,8,0.8115477623446179,1
Wetland: Estuarine Emergent Net Growth Wetland Emergent: Atmosphere -> Fine Roots,Site ID Wetland: Estuarine Emergent,9,9,0.6409724027592089,1
Wetland: Palustrine Emergent Net Growth Wetland Emergent: Atmosphere -> Fine Roots,Site ID Wetland: Palustrine Emergent,6,6,0.8699249845735579,1
Wetland: Estuarine Emergent Net Growth Wetland Emergent: Atmosphere -> Fine Roots,Site ID Wetland: Estuarine Emergent,10,10,0.7005723799477921,1
Wetland: Estuarine Emergent Net Growth Wetland Emergent: Atmosphere -> Fine Roots,Site ID Wetland: Estuarine Emergent,11,11,0.8293329866674813,1
Wetland: Estuarine Emergent Net Growth Wetland Emergent: Atmosphere -> Fine Roots,Site ID Wetland: Estuarine Emergent,17,17,0.8366446673994332,1
Wetland: Estuarine Emergent Net Growth Wetland Emergent: Atmosphere -> Fine Roots,Site ID Wetland: Estuarine Emergent,18,18,0.7137888266359846,1
Wetland: Estuarine Emergent Net Growth Wetland Emergent: Atmosphere -> Fine Roots,Site ID Wetland: Estuarine Emergent,12,12,0.843452976197303,1
Wetland: Estuarine Emergent Biomass Turnover: Foliage -> AG Very Fast,Site ID Wetland: Estuarine Emergent,13,13,0.9199470498766543,1
Wetland: Estuarine Emergent Biomass Turnover: Foliage -> AG Very Fast,Site ID Wetland: Estuarine Emergent,1,1,0.8889404691476143,1
Wetland: Palustrine Emergent Biomass Turnover: Foliage -> AG Very Fast,Site ID Wetland: Palustrine Emergent,1,1,0.9257693395408084,1
Wetland: Estuarine Emergent Biomass Turnover: Foliage -> AG Very Fast,Site ID Wetland: Estuarine Emergent,2,2,0.7544871999484587,1
Wetland: Estuarine Emergent Biomass Turnover: Foliage -> AG Very Fast,Site ID Wetland: Estuarine Emergent,14,14,0.9171768643492314,1
Wetland: Estuarine Emergent Biomass Turnover: Foliage -> AG Very Fast,Site ID Wetland: Estuarine Emergent,3,3,0.7626185997235485,1
Wetland: Estuarine Emergent Biomass Turnover: Foliage -> AG Very Fast,Site ID Wetland: Estuarine Emergent,4,4,0.921719552629566,1
Wetland: Palustrine Emergent Biomass Turnover: Foliage -> AG Very Fast,Site ID Wetland: Palustrine Emergent,2,2,0.8991479308788787,1
Wetland: Estuarine Emergent Biomass Turnover: Foliage -> AG Very Fast,Site ID Wetland: Estuarine Emergent,15,15,0.7898766211419151,1
Wetland: Estuarine Emergent Biomass Turnover: Foliage -> AG Very Fast,Site ID Wetland: Estuarine Emergent,5,5,0.9417246189777055,1
Wetland: Palustrine Emergent Biomass Turnover: Foliage -> AG Very Fast,Site ID Wetland: Palustrine Emergent,3,3,0.9457064022472329,1
Wetland: Palustrine Emergent Biomass Turnover: Foliage -> AG Very Fast,Site ID Wetland: Palustrine Emergent,4,4,0.9396347307545251,1
Wetland: Estuarine Emergent Biomass Turnover: Foliage -> AG Very Fast,Site ID Wetland: Estuarine Emergent,6,6,0.8040492353552356,1
Wetland: Palustrine Emergent Biomass Turnover: Foliage -> AG Very Fast,Site ID Wetland: Palustrine Emergent,5,5,0.9826553021122604,1
Wetland: Estuarine Emergent Biomass Turnover: Foliage -> AG Very Fast,Site ID Wetland: Estuarine Emergent,7,7,0.8081959294444764,1
Wetland: Estuarine Emergent Biomass Turnover: Foliage -> AG Very Fast,Site ID Wetland: Estuarine Emergent,16,16,0.7782020398157318,1
Wetland: Estuarine Emergent Biomass Turnover: Foliage -> AG Very Fast,Site ID Wetland: Estuarine Emergent,8,8,0.9184917732133051,1
Wetland: Estuarine Emergent Biomass Turnover: Foliage -> AG Very Fast,Site ID Wetland: Estuarine Emergent,9,9,0.7412033481828356,1
Wetland: Palustrine Emergent Biomass Turnover: Foliage -> AG Very Fast,Site ID Wetland: Palustrine Emergent,6,6,0.8224814769210805,1
Wetland: Estuarine Emergent Biomass Turnover: Foliage -> AG Very Fast,Site ID Wetland: Estuarine Emergent,10,10,0.7655161455356695,1
Wetland: Estuarine Emergent Biomass Turnover: Foliage -> AG Very Fast,Site ID Wetland: Estuarine Emergent,11,11,0.8445473316635845,1
Wetland: Estuarine Emergent Biomass Turnover: Foliage -> AG Very Fast,Site ID Wetland: Estuarine Emergent,17,17,0.9187626695085955,1
Wetland: Estuarine Emergent Biomass Turnover: Foliage -> AG Very Fast,Site ID Wetland: Estuarine Emergent,18,18,0.7372292638057487,1
Wetland: Estuarine Emergent Biomass Turnover: Foliage -> AG Very Fast,Site ID Wetland: Estuarine Emergent,12,12,0.6948502904473889,1
Wetland: Estuarine Emergent Biomass Turnover: Fine Roots -> BG Very Fast,Site ID Wetland: Estuarine Emergent,13,13,0.9683897806002454,1
Wetland: Estuarine Emergent Biomass Turnover: Fine Roots -> BG Very Fast,Site ID Wetland: Estuarine Emergent,1,1,0.8595372917003721,1
Wetland: Palustrine Emergent Biomass Turnover: Fine Roots -> BG Very Fast,Site ID Wetland: Palustrine Emergent,1,1,0.815170443672945,1
Wetland: Estuarine Emergent Biomass Turnover: Fine Roots -> BG Very Fast,Site ID Wetland: Estuarine Emergent,2,2,0.8404828879512425,1
Wetland: Estuarine Emergent Biomass Turnover: Fine Roots -> BG Very Fast,Site ID Wetland: Estuarine Emergent,14,14,0.8326090313472018,1
Wetland: Estuarine Emergent Biomass Turnover: Fine Roots -> BG Very Fast,Site ID Wetland: Estuarine Emergent,3,3,0.7385989463286138,1
Wetland: Estuarine Emergent Biomass Turnover: Fine Roots -> BG Very Fast,Site ID Wetland: Estuarine Emergent,4,4,0.8944472455444241,1
Wetland: Palustrine Emergent Biomass Turnover: Fine Roots -> BG Very Fast,Site ID Wetland: Palustrine Emergent,2,2,0.8499585790166171,1
Wetland: Estuarine Emergent Biomass Turnover: Fine Roots -> BG Very Fast,Site ID Wetland: Estuarine Emergent,15,15,0.9158215962441314,1
Wetland: Estuarine Emergent Biomass Turnover: Fine Roots -> BG Very Fast,Site ID Wetland: Estuarine Emergent,5,5,0.7831150298149943,1
Wetland: Palustrine Emergent Biomass Turnover: Fine Roots -> BG Very Fast,Site ID Wetland: Palustrine Emergent,3,3,0.8397821654150296,1
Wetland: Palustrine Emergent Biomass Turnover: Fine Roots -> BG Very Fast,Site ID Wetland: Palustrine Emergent,4,4,0.6678641952356787,1
Wetland: Estuarine Emergent Biomass Turnover: Fine Roots -> BG Very Fast,Site ID Wetland: Estuarine Emergent,6,6,0.7447570061245592,1
Wetland: Palustrine Emergent Biomass Turnover: Fine Roots -> BG Very Fast,Site ID Wetland: Palustrine Emergent,5,5,0.862325671098468,1
Wetland: Estuarine Emergent Biomass Turnover: Fine Roots -> BG Very Fast,Site ID Wetland: Estuarine Emergent,7,7,0.9258779737821654,1
Wetland: Estuarine Emergent Biomass Turnover: Fine Roots -> BG Very Fast,Site ID Wetland: Estuarine Emergent,16,16,0.7503857252822153,1
Wetland: Estuarine Emergent Biomass Turnover: Fine Roots -> BG Very Fast,Site ID Wetland: Estuarine Emergent,8,8,0.7703852024746795,1
Wetland: Estuarine Emergent Biomass Turnover: Fine Roots -> BG Very Fast,Site ID Wetland: Estuarine Emergent,9,9,0.9799397230865082,1
Wetland: Palustrine Emergent Biomass Turnover: Fine Roots -> BG Very Fast,Site ID Wetland: Palustrine Emergent,6,6,0.9520332116240684,1
Wetland: Estuarine Emergent Biomass Turnover: Fine Roots -> BG Very Fast,Site ID Wetland: Estuarine Emergent,10,10,0.8281926264946988,1
Wetland: Estuarine Emergent Biomass Turnover: Fine Roots -> BG Very Fast,Site ID Wetland: Estuarine Emergent,11,11,0.96331084463728045,1
Wetland: Estuarine Emergent Biomass Turnover: Fine Roots -> BG Very Fast,Site ID Wetland: Estuarine Emergent,17,17,0.8276569843714913,1
Wetland: Estuarine Emergent Biomass Turnover: Fine Roots -> BG Very Fast,Site ID Wetland: Estuarine Emergent,18,18,0.9325166849708542,1
Wetland: Estuarine Emergent Biomass Turnover: Fine Roots -> BG Very Fast,Site ID Wetland: Estuarine Emergent,12,12,0.9023715537873371,1
Wetland: Estuarine Emergent Emission: AG Very Fast -> Atmosphere Temp,Site ID Wetland: Estuarine Emergent,13,13,0.44231337553430955,1
Wetland: Estuarine Emergent Emission: AG Very Fast -> Atmosphere Temp,Site ID Wetland: Estuarine Emergent,1,1,0.5155717035226901,1
Wetland: Palustrine Emergent Emission: AG Very Fast -> Atmosphere Temp,Site ID Wetland: Palustrine Emergent,1,1,0.582000603866262,1
Wetland: Estuarine Emergent Emission: AG Very Fast -> Atmosphere Temp,Site ID Wetland: Estuarine Emergent,2,2,0.6178834651580848,1
Wetland: Estuarine Emergent Emission: AG Very Fast -> Atmosphere Temp,Site ID Wetland: Estuarine Emergent,14,14,0.6280758112065347,1
Wetland: Estuarine Emergent Emission: AG Very Fast -> Atmosphere Temp,Site ID Wetland: Estuarine Emergent,3,3,0.5711804928067883,1
Wetland: Estuarine Emergent Emission: AG Very Fast -> Atmosphere Temp,Site ID Wetland: Estuarine Emergent,4,4,0.5747034894562398,1
Wetland: Palustrine Emergent Emission: AG Very Fast -> Atmosphere Temp,Site ID Wetland: Palustrine Emergent,2,2,0.4128079932144594,1
Wetland: Estuarine Emergent Emission: AG Very Fast -> Atmosphere Temp,Site ID Wetland: Estuarine Emergent,15,15,0.6177777957329422,1
Wetland: Estuarine Emergent Emission: AG Very Fast -> Atmosphere Temp,Site ID Wetland: Estuarine Emergent,5,5,0.6824036826103449,1
Wetland: Palustrine Emergent Emission: AG Very Fast -> Atmosphere Temp,Site ID Wetland: Palustrine Emergent,3,3,0.5353528307228732,1
Wetland: Palustrine Emergent Emission: AG Very Fast -> Atmosphere Temp,Site ID Wetland: Palustrine Emergent,4,4,0.5057523461825457,1
Wetland: Estuarine Emergent Emission: AG Very Fast -> Atmosphere Temp,Site ID Wetland: Estuarine Emergent,6,6,0.5456122241897814,1
Wetland: Palustrine Emergent Emission: AG Very Fast -> Atmosphere Temp,Site ID Wetland: Palustrine Emergent,5,5,0.8276421810617235,1
Wetland: Estuarine Emergent Emission: AG Very Fast -> Atmosphere Temp,Site ID Wetland: Estuarine Emergent,7,7,0.5024915140457611,1
Wetland: Estuarine Emergent Emission: AG Very Fast -> Atmosphere Temp,Site ID Wetland: Estuarine Emergent,16,16,0.5805102997515219,1
Wetland: Estuarine Emergent Emission: AG Very Fast -> Atmosphere Temp,Site ID Wetland: Estuarine Emergent,8,8,0.44132644650408503,1
Wetland: Estuarine Emergent Emission: AG Very Fast -> Atmosphere Temp,Site ID Wetland: Estuarine Emergent,9,9,0.5534750535800382,1
Wetland: Palustrine Emergent Emission: AG Very Fast -> Atmosphere Temp,Site ID Wetland: Palustrine Emergent,6,6,0.47184450942294864,1
Wetland: Estuarine Emergent Emission: AG Very Fast -> Atmosphere Temp,Site ID Wetland: Estuarine Emergent,10,10,0.4588004971228766,1
Wetland: Estuarine Emergent Emission: AG Very Fast -> Atmosphere Temp,Site ID Wetland: Estuarine Emergent,11,11,0.5509263772380915,1
Wetland: Estuarine Emergent Emission: AG Very Fast -> Atmosphere Temp,Site ID Wetland: Estuarine Emergent,17,17,0.6032852685587499,1
Wetland: Estuarine Emergent Emission: AG Very Fast -> Atmosphere Temp,Site ID Wetland: Estuarine Emergent,18,18,0.5451851496210501,1
Wetland: Estuarine Emergent Emission: AG Very Fast -> Atmosphere Temp,Site ID Wetland: Estuarine Emergent,12,12,0.6033965351214294,1
Wetland: Estuarine Emergent Emission: BG Very Fast -> Atmosphere Temp,Site ID Wetland: Estuarine Emergent,13,13,0.45102471697876595,1
Wetland: Estuarine Emergent Emission: BG Very Fast -> Atmosphere Temp,Site ID Wetland: Estuarine Emergent,1,1,0.15718618924745745,1
Wetland: Palustrine Emergent Emission: BG Very Fast -> Atmosphere Temp,Site ID Wetland: Palustrine Emergent,1,1,0.26096094619446747,1
Wetland: Estuarine Emergent Emission: BG Very Fast -> Atmosphere Temp,Site ID Wetland: Estuarine Emergent,2,2,0.19003683914937197,1
Wetland: Estuarine Emergent Emission: BG Very Fast -> Atmosphere Temp,Site ID Wetland: Estuarine Emergent,14,14,0.222517869133177,1
Wetland: Estuarine Emergent Emission: BG Very Fast -> Atmosphere Temp,Site ID Wetland: Estuarine Emergent,3,3,0.14340968897196238,1
Wetland: Estuarine Emergent Emission: BG Very Fast -> Atmosphere Temp,Site ID Wetland: Estuarine Emergent,4,4,0.27039848343700673,1
Wetland: Palustrine Emergent Emission: BG Very Fast -> Atmosphere Temp,Site ID Wetland: Palustrine Emergent,2,2,0.20751628685661447,1
Wetland: Estuarine Emergent Emission: BG Very Fast -> Atmosphere Temp,Site ID Wetland: Estuarine Emergent,15,15,0.5821812970657028,1
Wetland: Estuarine Emergent Emission: BG Very Fast -> Atmosphere Temp,Site ID Wetland: Estuarine Emergent,5,5,0.20692484206983708,1
Wetland: Palustrine Emergent Emission: BG Very Fast -> Atmosphere Temp,Site ID Wetland: Palustrine Emergent,3,3,0.3376497267038834,1
Wetland: Palustrine Emergent Emission: BG Very Fast -> Atmosphere Temp,Site ID Wetland: Palustrine Emergent,4,4,0.33214358043594544,1
Wetland: Estuarine Emergent Emission: BG Very Fast -> Atmosphere Temp,Site ID Wetland: Estuarine Emergent,6,6,0.19801098480413293,1
Wetland: Palustrine Emergent Emission: BG Very Fast -> Atmosphere Temp,Site ID Wetland: Palustrine Emergent,5,5,0.32658026491557224,1
Wetland: Estuarine Emergent Emission: BG Very Fast -> Atmosphere Temp,Site ID Wetland: Estuarine Emergent,7,7,0.134437232726294,1
Wetland: Estuarine Emergent Emission: BG Very Fast -> Atmosphere Temp,Site ID Wetland: Estuarine Emergent,16,16,0.22941006793887944,1
Wetland: Estuarine Emergent Emission: BG Very Fast -> Atmosphere Temp,Site ID Wetland: Estuarine Emergent,8,8,0.12915723005077637,1
Wetland: Estuarine Emergent Emission: BG Very Fast -> Atmosphere Temp,Site ID Wetland: Estuarine Emergent,9,9,0.23644114237985703,1
Wetland: Palustrine Emergent Emission: BG Very Fast -> Atmosphere Temp,Site ID Wetland: Palustrine Emergent,6,6,0.3107962702334735,1
Wetland: Estuarine Emergent Emission: BG Very Fast -> Atmosphere Temp,Site ID Wetland: Estuarine Emergent,10,10,0.20573422270899608,1
Wetland: Estuarine Emergent Emission: BG Very Fast -> Atmosphere Temp,Site ID Wetland: Estuarine Emergent,11,11,0.14830820783900417,1
Wetland: Estuarine Emergent Emission: BG Very Fast -> Atmosphere Temp,Site ID Wetland: Estuarine Emergent,17,17,0.3170112011494827,1
Wetland: Estuarine Emergent Emission: BG Very Fast -> Atmosphere Temp,Site ID Wetland: Estuarine Emergent,18,18,0.22154904679562373,1
Wetland: Estuarine Emergent Emission: BG Very Fast -> Atmosphere Temp,Site ID Wetland: Estuarine Emergent,12,12,0.25375702908106135,1
Wetland: Estuarine Emergent Emission: BG Slow -> Atmosphere Temp,Site ID Wetland: Estuarine Emergent,13,13,0.013184936198795532,1
Wetland: Estuarine Emergent Emission: BG Slow -> Atmosphere Temp,Site ID Wetland: Estuarine Emergent,1,1,0.016338398921683962,1
Wetland: Palustrine Emergent Emission: BG Slow -> Atmosphere Temp,Site ID Wetland: Palustrine Emergent,1,1,0.02044758504516108,1
Wetland: Estuarine Emergent Emission: BG Slow -> Atmosphere Temp,Site ID Wetland: Estuarine Emergent,2,2,0.026207968850049754,1
Wetland: Estuarine Emergent Emission: BG Slow -> Atmosphere Temp,Site ID Wetland: Estuarine Emergent,14,14,0.012590101791030409,1
Wetland: Estuarine Emergent Emission: BG Slow -> Atmosphere Temp,Site ID Wetland: Estuarine Emergent,3,3,0.031223527447462745,1
Wetland: Estuarine Emergent Emission: BG Slow -> Atmosphere Temp,Site ID Wetland: Estuarine Emergent,4,4,0.013267073550368247,1
Wetland: Palustrine Emergent Emission: BG Slow -> Atmosphere Temp,Site ID Wetland: Palustrine Emergent,2,2,0.027786976095984118,1
Wetland: Estuarine Emergent Emission: BG Slow -> Atmosphere Temp,Site ID Wetland: Estuarine Emergent,15,15,0.010438867154876167,1
Wetland: Estuarine Emergent Emission: BG Slow -> Atmosphere Temp,Site ID Wetland: Estuarine Emergent,5,5,0.040905487056810935,1
Wetland: Palustrine Emergent Emission: BG Slow -> Atmosphere Temp,Site ID Wetland: Palustrine Emergent,3,3,0.010435728356912522,1
Wetland: Palustrine Emergent Emission: BG Slow -> Atmosphere Temp,Site ID Wetland: Palustrine Emergent,4,4,0.006070307330409592,1
Wetland: Estuarine Emergent Emission: BG Slow -> Atmosphere Temp,Site ID Wetland: Estuarine Emergent,6,6,0.010883917413259947,1
Wetland: Palustrine Emergent Emission: BG Slow -> Atmosphere Temp,Site ID Wetland: Palustrine Emergent,5,5,0.03680692585404078,1
Wetland: Estuarine Emergent Emission: BG Slow -> Atmosphere Temp,Site ID Wetland: Estuarine Emergent,7,7,0.031413269129129916,1
Wetland: Estuarine Emergent Emission: BG Slow -> Atmosphere Temp,Site ID Wetland: Estuarine Emergent,16,16,0.002375379330479214,1
Wetland: Estuarine Emergent Emission: BG Slow -> Atmosphere Temp,Site ID Wetland: Estuarine Emergent,8,8,0.012136038123079174,1
Wetland: Estuarine Emergent Emission: BG Slow -> Atmosphere Temp,Site ID Wetland: Estuarine Emergent,9,9,0.013670368821039761,1
Wetland: Palustrine Emergent Emission: BG Slow -> Atmosphere Temp,Site ID Wetland: Palustrine Emergent,6,6,0.01599029252866911,1
Wetland: Estuarine Emergent Emission: BG Slow -> Atmosphere Temp,Site ID Wetland: Estuarine Emergent,10,10,0.00862332616927003,1
Wetland: Estuarine Emergent Emission: BG Slow -> Atmosphere Temp,Site ID Wetland: Estuarine Emergent,11,11,0.027228850990931815,1
Wetland: Estuarine Emergent Emission: BG Slow -> Atmosphere Temp,Site ID Wetland: Estuarine Emergent,17,17,0.005264395927480663,1
Wetland: Estuarine Emergent Emission: BG Slow -> Atmosphere Temp,Site ID Wetland: Estuarine Emergent,18,18,0,1
Wetland: Estuarine Emergent Emission: BG Slow -> Atmosphere Temp,Site ID Wetland: Estuarine Emergent,12,12,0.024284303916037482,1
Wetland: Estuarine Emergent Lateral Transport: AG Very Fast -> Aquatic,Site ID Wetland: Estuarine Emergent,13,13,0.025610128193090678,1
Wetland: Estuarine Emergent Lateral Transport: AG Very Fast -> Aquatic,Site ID Wetland: Estuarine Emergent,1,1,0.09481733163710337,1
Wetland: Palustrine Emergent Lateral Transport: AG Very Fast -> Aquatic,Site ID Wetland: Palustrine Emergent,1,1,0.020415897167622904,1
Wetland: Estuarine Emergent Lateral Transport: AG Very Fast -> Aquatic,Site ID Wetland: Estuarine Emergent,2,2,0.05010321874651406,1
Wetland: Estuarine Emergent Lateral Transport: AG Very Fast -> Aquatic,Site ID Wetland: Estuarine Emergent,14,14,0.06629557594464144,1
Wetland: Estuarine Emergent Lateral Transport: AG Very Fast -> Aquatic,Site ID Wetland: Estuarine Emergent,3,3,0.061267167309315106,1
Wetland: Estuarine Emergent Lateral Transport: AG Very Fast -> Aquatic,Site ID Wetland: Estuarine Emergent,4,4,0.058237808195705655,1
Wetland: Palustrine Emergent Lateral Transport: AG Very Fast -> Aquatic,Site ID Wetland: Palustrine Emergent,2,2,0.012313619487624649,1
Wetland: Estuarine Emergent Lateral Transport: AG Very Fast -> Aquatic,Site ID Wetland: Estuarine Emergent,15,15,0.03759890246818311,1
Wetland: Estuarine Emergent Lateral Transport: AG Very Fast -> Aquatic,Site ID Wetland: Estuarine Emergent,5,5,0.043706465511120146,1
Wetland: Palustrine Emergent Lateral Transport: AG Very Fast -> Aquatic,Site ID Wetland: Palustrine Emergent,3,3,0.022550333141478876,1
Wetland: Palustrine Emergent Lateral Transport: AG Very Fast -> Aquatic,Site ID Wetland: Palustrine Emergent,4,4,0.030994500404679243,1
Wetland: Estuarine Emergent Lateral Transport: AG Very Fast -> Aquatic,Site ID Wetland: Estuarine Emergent,6,6,0.09949811654412143,1
Wetland: Palustrine Emergent Lateral Transport: AG Very Fast -> Aquatic,Site ID Wetland: Palustrine Emergent,5,5,0.018545783822887227,1
Wetland: Estuarine Emergent Lateral Transport: AG Very Fast -> Aquatic,Site ID Wetland: Estuarine Emergent,7,7,0.06117727287377697,1
Wetland: Estuarine Emergent Lateral Transport: AG Very Fast -> Aquatic,Site ID Wetland: Estuarine Emergent,16,16,0.12972835416367656,1
Wetland: Estuarine Emergent Lateral Transport: AG Very Fast -> Aquatic,Site ID Wetland: Estuarine Emergent,8,8,0.06742746051610271,1
Wetland: Estuarine Emergent Lateral Transport: AG Very Fast -> Aquatic,Site ID Wetland: Estuarine Emergent,9,9,0.04224538504307999,1
Wetland: Palustrine Emergent Lateral Transport: AG Very Fast -> Aquatic,Site ID Wetland: Palustrine Emergent,6,6,0.015616538484170349,1
Wetland: Estuarine Emergent Lateral Transport: AG Very Fast -> Aquatic,Site ID Wetland: Estuarine Emergent,10,10,0.06085920684403096,1
Wetland: Estuarine Emergent Lateral Transport: AG Very Fast -> Aquatic,Site ID Wetland: Estuarine Emergent,11,11,0.04627882916394724,1
Wetland: Estuarine Emergent Lateral Transport: AG Very Fast -> Aquatic,Site ID Wetland: Estuarine Emergent,17,17,0.07329608176616194,1
Wetland: Estuarine Emergent Lateral Transport: AG Very Fast -> Aquatic,Site ID Wetland: Estuarine Emergent,18,18,0.11362462212593276,1
Wetland: Estuarine Emergent Lateral Transport: AG Very Fast -> Aquatic,Site ID Wetland: Estuarine Emergent,12,12,0.042009485113610426,1
Wetland: Estuarine Emergent Lateral Transport: BG Very Fast -> Aquatic,Site ID Wetland: Estuarine Emergent,13,13,0.026114518481665634,1
Wetland: Estuarine Emergent Lateral Transport: BG Very Fast -> Aquatic,Site ID Wetland: Estuarine Emergent,1,1,0.028907666834343135,1
Wetland: Palustrine Emergent Lateral Transport: BG Very Fast -> Aquatic,Site ID Wetland: Palustrine Emergent,1,1,0.009154203289273709,1
Wetland: Estuarine Emergent Lateral Transport: BG Very Fast -> Aquatic,Site ID Wetland: Estuarine Emergent,2,2,0.01540979465984097,1
Wetland: Estuarine Emergent Lateral Transport: BG Very Fast -> Aquatic,Site ID Wetland: Estuarine Emergent,14,14,0.02348753132813665,1
Wetland: Estuarine Emergent Lateral Transport: BG Very Fast -> Aquatic,Site ID Wetland: Estuarine Emergent,3,3,0.015382712677819307,1
Wetland: Estuarine Emergent Lateral Transport: BG Very Fast -> Aquatic,Site ID Wetland: Estuarine Emergent,4,4,0.02740093857741081,1
Wetland: Palustrine Emergent Lateral Transport: BG Very Fast -> Aquatic,Site ID Wetland: Palustrine Emergent,2,2,0.0061899881684452105,1
Wetland: Estuarine Emergent Lateral Transport: BG Very Fast -> Aquatic,Site ID Wetland: Estuarine Emergent,15,15,0.03543244506093613,1
Wetland: Estuarine Emergent Lateral Transport: BG Very Fast -> Aquatic,Site ID Wetland: Estuarine Emergent,5,5,0.013253084213620004,1
Wetland: Palustrine Emergent Lateral Transport: BG Very Fast -> Aquatic,Site ID Wetland: Palustrine Emergent,3,3,0.014222608689713518,1
Wetland: Palustrine Emergent Lateral Transport: BG Very Fast -> Aquatic,Site ID Wetland: Palustrine Emergent,4,4,0.020355069859661692,1
Wetland: Estuarine Emergent Lateral Transport: BG Very Fast -> Aquatic,Site ID Wetland: Estuarine Emergent,6,6,0.036109381662616465,1
Wetland: Palustrine Emergent Lateral Transport: BG Very Fast -> Aquatic,Site ID Wetland: Palustrine Emergent,5,5,0.007318001828007062,1
Wetland: Estuarine Emergent Lateral Transport: BG Very Fast -> Aquatic,Site ID Wetland: Estuarine Emergent,7,7,0.016367447093132315,1
Wetland: Estuarine Emergent Lateral Transport: BG Very Fast -> Aquatic,Site ID Wetland: Estuarine Emergent,16,16,0.05126694660719503,1
Wetland: Estuarine Emergent Lateral Transport: BG Very Fast -> Aquatic,Site ID Wetland: Estuarine Emergent,8,8,0.019733111619761736,1
Wetland: Estuarine Emergent Lateral Transport: BG Very Fast -> Aquatic,Site ID Wetland: Estuarine Emergent,9,9,0.018046968937902294,1
Wetland: Palustrine Emergent Lateral Transport: BG Very Fast -> Aquatic,Site ID Wetland: Palustrine Emergent,6,6,0.010286358785383354,1
Wetland: Estuarine Emergent Lateral Transport: BG Very Fast -> Aquatic,Site ID Wetland: Estuarine Emergent,10,10,0.027290340122254446,1
Wetland: Estuarine Emergent Lateral Transport: BG Very Fast -> Aquatic,Site ID Wetland: Estuarine Emergent,11,11,0.012458162284043759,1
Wetland: Estuarine Emergent Lateral Transport: BG Very Fast -> Aquatic,Site ID Wetland: Estuarine Emergent,17,17,0.038515243337122744,1
Wetland: Estuarine Emergent Lateral Transport: BG Very Fast -> Aquatic,Site ID Wetland: Estuarine Emergent,18,18,0.04617408735731523,1
Wetland: Estuarine Emergent Lateral Transport: BG Very Fast -> Aquatic,Site ID Wetland: Estuarine Emergent,12,12,0.017666992624526028,1
Wetland: Estuarine Emergent Lateral Transport: BG Slow -> Aquatic,Site ID Wetland: Estuarine Emergent,13,13,7.634132833106761e-4,1
Wetland: Estuarine Emergent Lateral Transport: BG Slow -> Aquatic,Site ID Wetland: Estuarine Emergent,1,1,0.003004748667143293,1
Wetland: Palustrine Emergent Lateral Transport: BG Slow -> Aquatic,Site ID Wetland: Palustrine Emergent,1,1,7.172772516644326e-4,1
Wetland: Estuarine Emergent Lateral Transport: BG Slow -> Aquatic,Site ID Wetland: Estuarine Emergent,2,2,0.002125163837909003,1
Wetland: Estuarine Emergent Lateral Transport: BG Slow -> Aquatic,Site ID Wetland: Estuarine Emergent,14,14,0.0013289288244274589,1
Wetland: Estuarine Emergent Lateral Transport: BG Slow -> Aquatic,Site ID Wetland: Estuarine Emergent,3,3,0.0033491638881263234,1
Wetland: Estuarine Emergent Lateral Transport: BG Slow -> Aquatic,Site ID Wetland: Estuarine Emergent,4,4,0.0013444242099098964,1
Wetland: Palustrine Emergent Lateral Transport: BG Slow -> Aquatic,Site ID Wetland: Palustrine Emergent,2,2,8.288556810476156e-4,1
Wetland: Estuarine Emergent Lateral Transport: BG Slow -> Aquatic,Site ID Wetland: Estuarine Emergent,15,15,6.353254369863718e-4,1
Wetland: Estuarine Emergent Lateral Transport: BG Slow -> Aquatic,Site ID Wetland: Estuarine Emergent,5,5,0.002619907108978688,1
Wetland: Palustrine Emergent Lateral Transport: BG Slow -> Aquatic,Site ID Wetland: Palustrine Emergent,3,3,4.3957767198988455e-4,1
Wetland: Palustrine Emergent Lateral Transport: BG Slow -> Aquatic,Site ID Wetland: Palustrine Emergent,4,4,3.7201239782484014e-4,1
Wetland: Estuarine Emergent Lateral Transport: BG Slow -> Aquatic,Site ID Wetland: Estuarine Emergent,6,6,0.0019847965922120785,1
Wetland: Palustrine Emergent Lateral Transport: BG Slow -> Aquatic,Site ID Wetland: Palustrine Emergent,5,5,8.247686085772029e-4,1
Wetland: Estuarine Emergent Lateral Transport: BG Slow -> Aquatic,Site ID Wetland: Estuarine Emergent,7,7,0.0038244986903304442,1
Wetland: Estuarine Emergent Lateral Transport: BG Slow -> Aquatic,Site ID Wetland: Estuarine Emergent,16,16,5.308330466994037e-4,1
Wetland: Estuarine Emergent Lateral Transport: BG Slow -> Aquatic,Site ID Wetland: Estuarine Emergent,8,8,0.0018541880683741524,1
Wetland: Estuarine Emergent Lateral Transport: BG Slow -> Aquatic,Site ID Wetland: Estuarine Emergent,9,9,0.0010434255180793368,1
Wetland: Palustrine Emergent Lateral Transport: BG Slow -> Aquatic,Site ID Wetland: Palustrine Emergent,6,6,5.292273485443206e-4,1
Wetland: Estuarine Emergent Lateral Transport: BG Slow -> Aquatic,Site ID Wetland: Estuarine Emergent,10,10,0.001143871452429126,1
Wetland: Estuarine Emergent Lateral Transport: BG Slow -> Aquatic,Site ID Wetland: Estuarine Emergent,11,11,0.0022872735730264894,1
Wetland: Estuarine Emergent Lateral Transport: BG Slow -> Aquatic,Site ID Wetland: Estuarine Emergent,17,17,6.395972427304453e-4,1
Wetland: Estuarine Emergent Lateral Transport: BG Slow -> Aquatic,Site ID Wetland: Estuarine Emergent,18,18,0,1
Wetland: Estuarine Emergent Lateral Transport: BG Slow -> Aquatic,Site ID Wetland: Estuarine Emergent,12,12,0.0016907142226958022,1
Wetland: Estuarine Emergent Decay: BG Very Fast -> BG Slow,Site ID Wetland: Estuarine Emergent,13,13,0.1905363191140222,1
Wetland: Estuarine Emergent Decay: BG Very Fast -> BG Slow,Site ID Wetland: Estuarine Emergent,1,1,0.33184489497568687,1
Wetland: Palustrine Emergent Decay: BG Very Fast -> BG Slow,Site ID Wetland: Palustrine Emergent,1,1,0.36386667962376223,1
Wetland: Estuarine Emergent Decay: BG Very Fast -> BG Slow,Site ID Wetland: Estuarine Emergent,2,2,0.354495583956392,1
Wetland: Estuarine Emergent Decay: BG Very Fast -> BG Slow,Site ID Wetland: Estuarine Emergent,14,14,0.29271799916513686,1
Wetland: Estuarine Emergent Decay: BG Very Fast -> BG Slow,Site ID Wetland: Estuarine Emergent,3,3,0.3991217130320507,1
Wetland: Estuarine Emergent Decay: BG Very Fast -> BG Slow,Site ID Wetland: Estuarine Emergent,4,4,0.2811049543935005,1
Wetland: Palustrine Emergent Decay: BG Very Fast -> BG Slow,Site ID Wetland: Palustrine Emergent,2,2,0.45623922013196416,1
Wetland: Estuarine Emergent Decay: BG Very Fast -> BG Slow,Site ID Wetland: Estuarine Emergent,15,15,0.14037252441466852,1
Wetland: Estuarine Emergent Decay: BG Very Fast -> BG Slow,Site ID Wetland: Estuarine Emergent,5,5,0.39276635378054187,1
Wetland: Palustrine Emergent Decay: BG Very Fast -> BG Slow,Site ID Wetland: Palustrine Emergent,3,3,0.2160008207980476,1
Wetland: Palustrine Emergent Decay: BG Very Fast -> BG Slow,Site ID Wetland: Palustrine Emergent,4,4,0.3503499569181037,1
Wetland: Estuarine Emergent Decay: BG Very Fast -> BG Slow,Site ID Wetland: Estuarine Emergent,6,6,0.23958889584507695,1
Wetland: Palustrine Emergent Decay: BG Very Fast -> BG Slow,Site ID Wetland: Palustrine Emergent,5,5,0.4512618152539974,1
Wetland: Estuarine Emergent Decay: BG Very Fast -> BG Slow,Site ID Wetland: Estuarine Emergent,7,7,0.4008160212261857,1
Wetland: Estuarine Emergent Decay: BG Very Fast -> BG Slow,Site ID Wetland: Estuarine Emergent,16,16,0.3684969396977546,1
Wetland: Estuarine Emergent Decay: BG Very Fast -> BG Slow,Site ID Wetland: Estuarine Emergent,8,8,0.3433401971954576,1
Wetland: Estuarine Emergent Decay: BG Very Fast -> BG Slow,Site ID Wetland: Estuarine Emergent,9,9,0.43653942223315156,1
Wetland: Palustrine Emergent Decay: BG Very Fast -> BG Slow,Site ID Wetland: Palustrine Emergent,6,6,0.4772923669071387,1
Wetland: Estuarine Emergent Decay: BG Very Fast -> BG Slow,Site ID Wetland: Estuarine Emergent,10,10,0.34929233957010325,1
Wetland: Estuarine Emergent Decay: BG Very Fast -> BG Slow,Site ID Wetland: Estuarine Emergent,11,11,0.46888442905655914,1
Wetland: Estuarine Emergent Decay: BG Very Fast -> BG Slow,Site ID Wetland: Estuarine Emergent,17,17,0.13144566471744704,1
Wetland: Estuarine Emergent Decay: BG Very Fast -> BG Slow,Site ID Wetland: Estuarine Emergent,18,18,0.27621204581289627,1
Wetland: Estuarine Emergent Decay: BG Very Fast -> BG Slow,Site ID Wetland: Estuarine Emergent,12,12,0.29583098305257927,1
Wetland: Estuarine Emergent Stabilization: BG Slow -> Deep Soil,Site ID Wetland: Estuarine Emergent,13,13,0.0044393390118786175,1
Wetland: Estuarine Emergent Stabilization: BG Slow -> Deep Soil,Site ID Wetland: Estuarine Emergent,1,1,0.003463754874988485,1
Wetland: Palustrine Emergent Stabilization: BG Slow -> Deep Soil,Site ID Wetland: Palustrine Emergent,1,1,0.0038888624484657215,1
Wetland: Estuarine Emergent Stabilization: BG Slow -> Deep Soil,Site ID Wetland: Estuarine Emergent,2,2,0.004199896862877021,1
Wetland: Estuarine Emergent Stabilization: BG Slow -> Deep Soil,Site ID Wetland: Estuarine Emergent,14,14,0.00385429895871818,1
Wetland: Estuarine Emergent Stabilization: BG Slow -> Deep Soil,Site ID Wetland: Estuarine Emergent,3,3,0.003372392062149026,1
Wetland: Estuarine Emergent Stabilization: BG Slow -> Deep Soil,Site ID Wetland: Estuarine Emergent,4,4,0.007076582924377334,1
Wetland: Palustrine Emergent Stabilization: BG Slow -> Deep Soil,Site ID Wetland: Palustrine Emergent,2,2,0.0038866878065299767,1
Wetland: Estuarine Emergent Stabilization: BG Slow -> Deep Soil,Site ID Wetland: Estuarine Emergent,15,15,0.0061442331775761645,1
Wetland: Estuarine Emergent Stabilization: BG Slow -> Deep Soil,Site ID Wetland: Estuarine Emergent,5,5,0.006747858172263209,1
Wetland: Palustrine Emergent Stabilization: BG Slow -> Deep Soil,Site ID Wetland: Palustrine Emergent,3,3,0.0040766347298426524,1
Wetland: Palustrine Emergent Stabilization: BG Slow -> Deep Soil,Site ID Wetland: Palustrine Emergent,4,4,0.0022721478342369915,1
Wetland: Estuarine Emergent Stabilization: BG Slow -> Deep Soil,Site ID Wetland: Estuarine Emergent,6,6,0.005508714100484825,1
Wetland: Palustrine Emergent Stabilization: BG Slow -> Deep Soil,Site ID Wetland: Palustrine Emergent,5,5,0.002495051971111305,1
Wetland: Estuarine Emergent Stabilization: BG Slow -> Deep Soil,Site ID Wetland: Estuarine Emergent,7,7,0.0013741944829956118,1
Wetland: Estuarine Emergent Stabilization: BG Slow -> Deep Soil,Site ID Wetland: Estuarine Emergent,16,16,0.00797708010939412,1
Wetland: Estuarine Emergent Stabilization: BG Slow -> Deep Soil,Site ID Wetland: Estuarine Emergent,8,8,0.009807107164935979,1
Wetland: Estuarine Emergent Stabilization: BG Slow -> Deep Soil,Site ID Wetland: Estuarine Emergent,9,9,0.006880550188484851,1
Wetland: Palustrine Emergent Stabilization: BG Slow -> Deep Soil,Site ID Wetland: Palustrine Emergent,6,6,0.0029935469698393704,1
Wetland: Estuarine Emergent Stabilization: BG Slow -> Deep Soil,Site ID Wetland: Estuarine Emergent,10,10,0.007703011616441664,1
Wetland: Estuarine Emergent Stabilization: BG Slow -> Deep Soil,Site ID Wetland: Estuarine Emergent,11,11,0.0060769682451227765,1
Wetland: Estuarine Emergent Stabilization: BG Slow -> Deep Soil,Site ID Wetland: Estuarine Emergent,17,17,0.005121154321039336,1
Wetland: Estuarine Emergent Stabilization: BG Slow -> Deep Soil,Site ID Wetland: Estuarine Emergent,18,18,0.006795362376667684,1
Wetland: Estuarine Emergent Stabilization: BG Slow -> Deep Soil,Site ID Wetland: Estuarine Emergent,12,12,0.011837970340522643,1
