Iteration,Timestep,StratumIDSource,StateClassIDSource,StratumIDDest,StateClassIDDest,SecondaryStratumID,TertiaryStratumID,TransitionTypeID,Probability,Proportion,AgeMin,AgeMax,AgeRelative,AgeReset,TSTMin,TSTMax,TSTRelative
,,,Agriculture: Cropland,,Forest: Alder/Maple Group,,,Ag Contraction Cropland: Alder/Maple Group,1,,,,,,,,
,,,Agriculture: Cropland,,Forest: Aspen/Birch Group,,,Ag Contraction Cropland: Aspen/Birch Group,1,,,,,,,,
,,,Agriculture: Cropland,,Forest: California Mixed Conifer Group,,,Ag Contraction Cropland: California Mixed Conifer Group,1,,,,,,,,
,,,Agriculture: Cropland,,Forest: Douglas-fir Coastal Group,,,Ag Contraction Cropland: Douglas-fir Coastal Group,1,,,,,,,,
,,,Agriculture: Cropland,,Forest: Douglas-fir Inland Group,,,Ag Contraction Cropland: Douglas-fir Inland Group,1,,,,,,,,
,,,Agriculture: Cropland,,Forest: Elm/Ash/Cottonwood Group,,,Ag Contraction Cropland: Elm/Ash/Cottonwood Group,1,,,,,,,,
,,,Agriculture: Cropland,,Forest: Exotic Hardwoods Group,,,Ag Contraction Cropland: Exotic Hardwoods Group,1,,,,,,,,
,,,Agriculture: Cropland,,Forest: Exotic Softwoods Group,,,Ag Contraction Cropland: Exotic Softwoods Group,1,,,,,,,,
,,,Agriculture: Cropland,,Forest: Fir/Spruce/Mountain Hemlock Group,,,Ag Contraction Cropland: Fir/Spruce/Mountain Hemlock Group,1,,,,,,,,
,,,Agriculture: Cropland,,Forest: Hemlock/Sitka Spruce Group,,,Ag Contraction Cropland: Hemlock/Sitka Spruce Group,1,,,,,,,,
,,,Agriculture: Cropland,,Forest: Loblolly/Shortleaf Pine Group,,,Ag Contraction Cropland: Loblolly/Shortleaf Pine Group,1,,,,,,,,
,,,Agriculture: Cropland,,Forest: Lodgepole Pine Group,,,Ag Contraction Cropland: Lodgepole Pine Group,1,,,,,,,,
,,,Agriculture: Cropland,,Forest: Longleaf/Slash Pine Group,,,Ag Contraction Cropland: Longleaf/Slash Pine Group,1,,,,,,,,
,,,Agriculture: Cropland,,Forest: Maple/Beech/Birch Group,,,Ag Contraction Cropland: Maple/Beech/Birch Group,1,,,,,,,,
,,,Agriculture: Cropland,,Forest: Oak/Gum/Cypress Group,,,Ag Contraction Cropland: Oak/Gum/Cypress Group,1,,,,,,,,
,,,Agriculture: Cropland,,Forest: Oak/Hickory Group,,,Ag Contraction Cropland: Oak/Hickory Group,1,,,,,,,,
,,,Agriculture: Cropland,,Forest: Oak/Pine Group,,,Ag Contraction Cropland: Oak/Pine Group,1,,,,,,,,
,,,Agriculture: Cropland,,Forest: Other Western Hardwoods Group,,,Ag Contraction Cropland: Other Western Hardwoods Group,1,,,,,,,,
,,,Agriculture: Cropland,,Forest: Other Western Softwood Group,,,Ag Contraction Cropland: Other Western Softwood Group,1,,,,,,,,
,,,Agriculture: Cropland,,Forest: Pinyon/Juniper Group,,,Ag Contraction Cropland: Pinyon/Juniper Group,1,,,,,,,,
,,,Agriculture: Cropland,,Forest: Ponderosa Pine Group,,,Ag Contraction Cropland: Ponderosa Pine Group,1,,,,,,,,
,,,Agriculture: Cropland,,Forest: Redwood Group,,,Ag Contraction Cropland: Redwood Group,1,,,,,,,,
,,,Agriculture: Cropland,,Forest: Spruce/Fir Group,,,Ag Contraction Cropland: Spruce/Fir Group,1,,,,,,,,
,,,Agriculture: Cropland,,Forest: Tanoak/Laurel Group,,,Ag Contraction Cropland: Tanoak/Laurel Group,1,,,,,,,,
,,,Agriculture: Cropland,,Forest: Tropical Hardwoods Group,,,Ag Contraction Cropland: Tropical Hardwoods Group,1,,,,,,,,
,,,Agriculture: Cropland,,Forest: Western Larch Group,,,Ag Contraction Cropland: Western Larch Group,1,,,,,,,,
,,,Agriculture: Cropland,,Forest: Western Oak Group,,,Ag Contraction Cropland: Western Oak Group,1,,,,,,,,
,,,Agriculture: Cropland,,Forest: Western White Pine Group,,,Ag Contraction Cropland: Western White Pine Group,1,,,,,,,,
,,,Agriculture: Cropland,,Forest: White/Red/Jack Pine Group,,,Ag Contraction Cropland: White/Red/Jack Pine Group,1,,,,,,,,
,,,Agriculture: Cropland,,Grassland: Annual,,,Ag Contraction Cropland: Grassland Annual,1,,,,,,,,
,,,Agriculture: Cropland,,Grassland: Natural Perennial,,,Ag Contraction Cropland: Grassland Natural Perennial,1,,,,,,,,
,,,Agriculture: Cropland,,Grassland: Irrigated Perennial,,,Ag Contraction Cropland: Grassland Irrigated Perennial,1,,,,,,,,
,,,Agriculture: Cropland,,Shrubland: Native Sage Steppe,,,Ag Contraction Cropland: Shrubland Native Sage Steppe,1,,,,,,,,
,,,Agriculture: Cropland,,Shrubland: Invaded Sage Steppe,,,Ag Contraction Cropland: Shrubland Invaded Sage Steppe,1,,,,,,,,
,,,Agriculture: Cropland,,Shrubland: Sage,,,Ag Contraction Cropland: Shrubland Sage ,1,,,,,,,,
,,,Agriculture: Cropland,,Shrubland: Non-sage,,,Ag Contraction Cropland: Shrubland Non-sage,1,,,,,,,,
,,,Agriculture: Cropland,,Shrubland: Chaparral,,,Ag Contraction Cropland: Shrubland Chaparral,1,,,,,,,,
,,,Agriculture: Cropland,,Shrubland: Post Fire Shrub,,,Ag Contraction Cropland: Shrubland Post Fire Shrub,1,,,,,,,,
,,,Agriculture: Cropland,,Wetland: Palustrine Forested,,,Ag Contraction Cropland: Wetland Palustrine Forested,1,,,,,,,,
,,,Agriculture: Cropland,,Wetland: Estuarine Forested,,,Ag Contraction Cropland: Wetland Estuarine Forested,1,,,,,,,,
,,,Agriculture: Cropland,,Wetland: Palustrine Emergent,,,Ag Contraction Cropland: Wetland Palustrine Emergent,1,,,,,,,,
,,,Agriculture: Cropland,,Wetland: Estuarine Emergent,,,Ag Contraction Cropland: Wetland Estuarine Emergent,1,,,,,,,,
,,,Agriculture: Pasture,,Forest: Alder/Maple Group,,,Ag Contraction Pasture: Alder/Maple Group,1,,,,,,,,
,,,Agriculture: Pasture,,Forest: Aspen/Birch Group,,,Ag Contraction Pasture: Aspen/Birch Group,1,,,,,,,,
,,,Agriculture: Pasture,,Forest: California Mixed Conifer Group,,,Ag Contraction Pasture: California Mixed Conifer Group,1,,,,,,,,
,,,Agriculture: Pasture,,Forest: Douglas-fir Coastal Group,,,Ag Contraction Pasture: Douglas-fir Coastal Group,1,,,,,,,,
,,,Agriculture: Pasture,,Forest: Douglas-fir Inland Group,,,Ag Contraction Pasture: Douglas-fir Inland Group,1,,,,,,,,
,,,Agriculture: Pasture,,Forest: Elm/Ash/Cottonwood Group,,,Ag Contraction Pasture: Elm/Ash/Cottonwood Group,1,,,,,,,,
,,,Agriculture: Pasture,,Forest: Exotic Hardwoods Group,,,Ag Contraction Pasture: Exotic Hardwoods Group,1,,,,,,,,
,,,Agriculture: Pasture,,Forest: Exotic Softwoods Group,,,Ag Contraction Pasture: Exotic Softwoods Group,1,,,,,,,,
,,,Agriculture: Pasture,,Forest: Fir/Spruce/Mountain Hemlock Group,,,Ag Contraction Pasture: Fir/Spruce/Mountain Hemlock Group,1,,,,,,,,
,,,Agriculture: Pasture,,Forest: Hemlock/Sitka Spruce Group,,,Ag Contraction Pasture: Hemlock/Sitka Spruce Group,1,,,,,,,,
,,,Agriculture: Pasture,,Forest: Loblolly/Shortleaf Pine Group,,,Ag Contraction Pasture: Loblolly/Shortleaf Pine Group,1,,,,,,,,
,,,Agriculture: Pasture,,Forest: Lodgepole Pine Group,,,Ag Contraction Pasture: Lodgepole Pine Group,1,,,,,,,,
,,,Agriculture: Pasture,,Forest: Longleaf/Slash Pine Group,,,Ag Contraction Pasture: Longleaf/Slash Pine Group,1,,,,,,,,
,,,Agriculture: Pasture,,Forest: Maple/Beech/Birch Group,,,Ag Contraction Pasture: Maple/Beech/Birch Group,1,,,,,,,,
,,,Agriculture: Pasture,,Forest: Oak/Gum/Cypress Group,,,Ag Contraction Pasture: Oak/Gum/Cypress Group,1,,,,,,,,
,,,Agriculture: Pasture,,Forest: Oak/Hickory Group,,,Ag Contraction Pasture: Oak/Hickory Group,1,,,,,,,,
,,,Agriculture: Pasture,,Forest: Oak/Pine Group,,,Ag Contraction Pasture: Oak/Pine Group,1,,,,,,,,
,,,Agriculture: Pasture,,Forest: Other Western Hardwoods Group,,,Ag Contraction Pasture: Other Western Hardwoods Group,1,,,,,,,,
,,,Agriculture: Pasture,,Forest: Other Western Softwood Group,,,Ag Contraction Pasture: Other Western Softwood Group,1,,,,,,,,
,,,Agriculture: Pasture,,Forest: Pinyon/Juniper Group,,,Ag Contraction Pasture: Pinyon/Juniper Group,1,,,,,,,,
,,,Agriculture: Pasture,,Forest: Ponderosa Pine Group,,,Ag Contraction Pasture: Ponderosa Pine Group,1,,,,,,,,
,,,Agriculture: Pasture,,Forest: Redwood Group,,,Ag Contraction Pasture: Redwood Group,1,,,,,,,,
,,,Agriculture: Pasture,,Forest: Spruce/Fir Group,,,Ag Contraction Pasture: Spruce/Fir Group,1,,,,,,,,
,,,Agriculture: Pasture,,Forest: Tanoak/Laurel Group,,,Ag Contraction Pasture: Tanoak/Laurel Group,1,,,,,,,,
,,,Agriculture: Pasture,,Forest: Tropical Hardwoods Group,,,Ag Contraction Pasture: Tropical Hardwoods Group,1,,,,,,,,
,,,Agriculture: Pasture,,Forest: Western Larch Group,,,Ag Contraction Pasture: Western Larch Group,1,,,,,,,,
,,,Agriculture: Pasture,,Forest: Western Oak Group,,,Ag Contraction Pasture: Western Oak Group,1,,,,,,,,
,,,Agriculture: Pasture,,Forest: Western White Pine Group,,,Ag Contraction Pasture: Western White Pine Group,1,,,,,,,,
,,,Agriculture: Pasture,,Forest: White/Red/Jack Pine Group,,,Ag Contraction Pasture: White/Red/Jack Pine Group,1,,,,,,,,
,,,Agriculture: Pasture,,Grassland: Annual,,,Ag Contraction Pasture: Grassland Annual,1,,,,,,,,
,,,Agriculture: Pasture,,Grassland: Natural Perennial,,,Ag Contraction Pasture: Grassland Natural Perennial,1,,,,,,,,
,,,Agriculture: Pasture,,Grassland: Irrigated Perennial,,,Ag Contraction Pasture: Grassland Irrigated Perennial,1,,,,,,,,
,,,Agriculture: Pasture,,Shrubland: Native Sage Steppe,,,Ag Contraction Pasture: Shrubland Native Sage Steppe,1,,,,,,,,
,,,Agriculture: Pasture,,Shrubland: Invaded Sage Steppe,,,Ag Contraction Pasture: Shrubland Invaded Sage Steppe,1,,,,,,,,
,,,Agriculture: Pasture,,Shrubland: Sage,,,Ag Contraction Pasture: Shrubland Sage ,1,,,,,,,,
,,,Agriculture: Pasture,,Shrubland: Non-sage,,,Ag Contraction Pasture: Shrubland Non-sage,1,,,,,,,,
,,,Agriculture: Pasture,,Shrubland: Chaparral,,,Ag Contraction Pasture: Shrubland Chaparral,1,,,,,,,,
,,,Agriculture: Pasture,,Shrubland: Post Fire Shrub,,,Ag Contraction Pasture: Shrubland Post Fire Shrub,1,,,,,,,,
,,,Agriculture: Pasture,,Wetland: Palustrine Forested,,,Ag Contraction Pasture: Wetland Palustrine Forested,1,,,,,,,,
,,,Agriculture: Pasture,,Wetland: Estuarine Forested,,,Ag Contraction Pasture: Wetland Estuarine Forested,1,,,,,,,,
,,,Agriculture: Pasture,,Wetland: Palustrine Emergent,,,Ag Contraction Pasture: Wetland Palustrine Emergent,1,,,,,,,,
,,,Agriculture: Pasture,,Wetland: Estuarine Emergent,,,Ag Contraction Pasture: Wetland Estuarine Emergent,1,,,,,,,,
