Iteration,Timestep,ExternalVariableTypeID,ExternalVariableValue,DistributionTypeID,DistributionFrequency,DistributionSD,DistributionMin,DistributionMax
,2002,Fire,2002,,,,,
,2003,Fire,2003,,,,,
,2004,Fire,2004,,,,,
,2005,Fire,2005,,,,,
,2006,Fire,2006,,,,,
,2007,Fire,2007,,,,,
,2008,Fire,2008,,,,,
,2009,Fire,2009,,,,,
,2010,Fire,2010,,,,,
,2011,Fire,2011,,,,,
,2012,Fire,2012,,,,,
,2013,Fire,2013,,,,,
,2014,Fire,2014,,,,,
,2015,Fire,2015,,,,,
,2016,Fire,2016,,,,,
,2017,Fire,2017,,,,,
,2018,Fire,2018,,,,,
,2019,Fire,2019,,,,,
,2020,Fire,2020,,,,,
,2021,Fire,2021,,,,,
,2022,Fire,,Uniform Integer,Iteration and Timestep,,2002,2021
,2023,Fire,,Uniform Integer,Iteration and Timestep,,2002,2021
,2024,Fire,,Uniform Integer,Iteration and Timestep,,2002,2021
,2025,Fire,,Uniform Integer,Iteration and Timestep,,2002,2021
,2026,Fire,,Uniform Integer,Iteration and Timestep,,2002,2021
,2027,Fire,,Uniform Integer,Iteration and Timestep,,2002,2021
,2028,Fire,,Uniform Integer,Iteration and Timestep,,2002,2021
,2029,Fire,,Uniform Integer,Iteration and Timestep,,2002,2021
,2030,Fire,,Uniform Integer,Iteration and Timestep,,2002,2021
,2031,Fire,,Uniform Integer,Iteration and Timestep,,2002,2021
,2032,Fire,,Uniform Integer,Iteration and Timestep,,2002,2021
,2033,Fire,,Uniform Integer,Iteration and Timestep,,2002,2021
,2034,Fire,,Uniform Integer,Iteration and Timestep,,2002,2021
,2035,Fire,,Uniform Integer,Iteration and Timestep,,2002,2021
,2036,Fire,,Uniform Integer,Iteration and Timestep,,2002,2021
,2037,Fire,,Uniform Integer,Iteration and Timestep,,2002,2021
,2038,Fire,,Uniform Integer,Iteration and Timestep,,2002,2021
,2039,Fire,,Uniform Integer,Iteration and Timestep,,2002,2021
,2040,Fire,,Uniform Integer,Iteration and Timestep,,2002,2021
,2041,Fire,,Uniform Integer,Iteration and Timestep,,2002,2021
,2042,Fire,,Uniform Integer,Iteration and Timestep,,2002,2021
,2043,Fire,,Uniform Integer,Iteration and Timestep,,2002,2021
,2044,Fire,,Uniform Integer,Iteration and Timestep,,2002,2021
,2045,Fire,,Uniform Integer,Iteration and Timestep,,2002,2021
,2046,Fire,,Uniform Integer,Iteration and Timestep,,2002,2021
,2047,Fire,,Uniform Integer,Iteration and Timestep,,2002,2021
,2048,Fire,,Uniform Integer,Iteration and Timestep,,2002,2021
,2049,Fire,,Uniform Integer,Iteration and Timestep,,2002,2021
,2050,Fire,,Uniform Integer,Iteration and Timestep,,2002,2021
,2051,Fire,,Uniform Integer,Iteration and Timestep,,2002,2021
,2052,Fire,,Uniform Integer,Iteration and Timestep,,2002,2021
,2053,Fire,,Uniform Integer,Iteration and Timestep,,2002,2021
,2054,Fire,,Uniform Integer,Iteration and Timestep,,2002,2021
,2055,Fire,,Uniform Integer,Iteration and Timestep,,2002,2021
,2056,Fire,,Uniform Integer,Iteration and Timestep,,2002,2021
,2057,Fire,,Uniform Integer,Iteration and Timestep,,2002,2021
,2058,Fire,,Uniform Integer,Iteration and Timestep,,2002,2021
,2059,Fire,,Uniform Integer,Iteration and Timestep,,2002,2021
,2060,Fire,,Uniform Integer,Iteration and Timestep,,2002,2021
,2061,Fire,,Uniform Integer,Iteration and Timestep,,2002,2021
,2062,Fire,,Uniform Integer,Iteration and Timestep,,2002,2021
,2063,Fire,,Uniform Integer,Iteration and Timestep,,2002,2021
,2064,Fire,,Uniform Integer,Iteration and Timestep,,2002,2021
,2065,Fire,,Uniform Integer,Iteration and Timestep,,2002,2021
,2066,Fire,,Uniform Integer,Iteration and Timestep,,2002,2021
,2067,Fire,,Uniform Integer,Iteration and Timestep,,2002,2021
,2068,Fire,,Uniform Integer,Iteration and Timestep,,2002,2021
,2069,Fire,,Uniform Integer,Iteration and Timestep,,2002,2021
,2070,Fire,,Uniform Integer,Iteration and Timestep,,2002,2021
,2071,Fire,,Uniform Integer,Iteration and Timestep,,2002,2021
,2072,Fire,,Uniform Integer,Iteration and Timestep,,2002,2021
,2073,Fire,,Uniform Integer,Iteration and Timestep,,2002,2021
,2074,Fire,,Uniform Integer,Iteration and Timestep,,2002,2021
,2075,Fire,,Uniform Integer,Iteration and Timestep,,2002,2021
,2076,Fire,,Uniform Integer,Iteration and Timestep,,2002,2021
,2077,Fire,,Uniform Integer,Iteration and Timestep,,2002,2021
,2078,Fire,,Uniform Integer,Iteration and Timestep,,2002,2021
,2079,Fire,,Uniform Integer,Iteration and Timestep,,2002,2021
,2080,Fire,,Uniform Integer,Iteration and Timestep,,2002,2021
,2081,Fire,,Uniform Integer,Iteration and Timestep,,2002,2021
,2082,Fire,,Uniform Integer,Iteration and Timestep,,2002,2021
,2083,Fire,,Uniform Integer,Iteration and Timestep,,2002,2021
,2084,Fire,,Uniform Integer,Iteration and Timestep,,2002,2021
,2085,Fire,,Uniform Integer,Iteration and Timestep,,2002,2021
,2086,Fire,,Uniform Integer,Iteration and Timestep,,2002,2021
,2087,Fire,,Uniform Integer,Iteration and Timestep,,2002,2021
,2088,Fire,,Uniform Integer,Iteration and Timestep,,2002,2021
,2089,Fire,,Uniform Integer,Iteration and Timestep,,2002,2021
,2090,Fire,,Uniform Integer,Iteration and Timestep,,2002,2021
,2091,Fire,,Uniform Integer,Iteration and Timestep,,2002,2021
,2092,Fire,,Uniform Integer,Iteration and Timestep,,2002,2021
,2093,Fire,,Uniform Integer,Iteration and Timestep,,2002,2021
,2094,Fire,,Uniform Integer,Iteration and Timestep,,2002,2021
,2095,Fire,,Uniform Integer,Iteration and Timestep,,2002,2021
,2096,Fire,,Uniform Integer,Iteration and Timestep,,2002,2021
,2097,Fire,,Uniform Integer,Iteration and Timestep,,2002,2021
,2098,Fire,,Uniform Integer,Iteration and Timestep,,2002,2021
,2099,Fire,,Uniform Integer,Iteration and Timestep,,2002,2021
,2100,Fire,,Uniform Integer,Iteration and Timestep,,2002,2021
,2002,Urbanization,2002,,,,,
,2003,Urbanization,2003,,,,,
,2004,Urbanization,2004,,,,,
,2005,Urbanization,2005,,,,,
,2006,Urbanization,2006,,,,,
,2007,Urbanization,2007,,,,,
,2008,Urbanization,2008,,,,,
,2009,Urbanization,2009,,,,,
,2010,Urbanization,2010,,,,,
,2011,Urbanization,2011,,,,,
,2012,Urbanization,2012,,,,,
,2013,Urbanization,2013,,,,,
,2014,Urbanization,2014,,,,,
,2015,Urbanization,2015,,,,,
,2016,Urbanization,2016,,,,,
,2017,Urbanization,2017,,,,,
,2018,Urbanization,2018,,,,,
,2019,Urbanization,2019,,,,,
,2020,Urbanization,2020,,,,,
,2021,Urbanization,2021,,,,,
,2022,Urbanization,,Uniform Integer,Iteration and Timestep,,2002,2021
,2023,Urbanization,,Uniform Integer,Iteration and Timestep,,2002,2021
,2024,Urbanization,,Uniform Integer,Iteration and Timestep,,2002,2021
,2025,Urbanization,,Uniform Integer,Iteration and Timestep,,2002,2021
,2026,Urbanization,,Uniform Integer,Iteration and Timestep,,2002,2021
,2027,Urbanization,,Uniform Integer,Iteration and Timestep,,2002,2021
,2028,Urbanization,,Uniform Integer,Iteration and Timestep,,2002,2021
,2029,Urbanization,,Uniform Integer,Iteration and Timestep,,2002,2021
,2030,Urbanization,,Uniform Integer,Iteration and Timestep,,2002,2021
,2031,Urbanization,,Uniform Integer,Iteration and Timestep,,2002,2021
,2032,Urbanization,,Uniform Integer,Iteration and Timestep,,2002,2021
,2033,Urbanization,,Uniform Integer,Iteration and Timestep,,2002,2021
,2034,Urbanization,,Uniform Integer,Iteration and Timestep,,2002,2021
,2035,Urbanization,,Uniform Integer,Iteration and Timestep,,2002,2021
,2036,Urbanization,,Uniform Integer,Iteration and Timestep,,2002,2021
,2037,Urbanization,,Uniform Integer,Iteration and Timestep,,2002,2021
,2038,Urbanization,,Uniform Integer,Iteration and Timestep,,2002,2021
,2039,Urbanization,,Uniform Integer,Iteration and Timestep,,2002,2021
,2040,Urbanization,,Uniform Integer,Iteration and Timestep,,2002,2021
,2041,Urbanization,,Uniform Integer,Iteration and Timestep,,2002,2021
,2042,Urbanization,,Uniform Integer,Iteration and Timestep,,2002,2021
,2043,Urbanization,,Uniform Integer,Iteration and Timestep,,2002,2021
,2044,Urbanization,,Uniform Integer,Iteration and Timestep,,2002,2021
,2045,Urbanization,,Uniform Integer,Iteration and Timestep,,2002,2021
,2046,Urbanization,,Uniform Integer,Iteration and Timestep,,2002,2021
,2047,Urbanization,,Uniform Integer,Iteration and Timestep,,2002,2021
,2048,Urbanization,,Uniform Integer,Iteration and Timestep,,2002,2021
,2049,Urbanization,,Uniform Integer,Iteration and Timestep,,2002,2021
,2050,Urbanization,,Uniform Integer,Iteration and Timestep,,2002,2021
,2051,Urbanization,,Uniform Integer,Iteration and Timestep,,2002,2021
,2052,Urbanization,,Uniform Integer,Iteration and Timestep,,2002,2021
,2053,Urbanization,,Uniform Integer,Iteration and Timestep,,2002,2021
,2054,Urbanization,,Uniform Integer,Iteration and Timestep,,2002,2021
,2055,Urbanization,,Uniform Integer,Iteration and Timestep,,2002,2021
,2056,Urbanization,,Uniform Integer,Iteration and Timestep,,2002,2021
,2057,Urbanization,,Uniform Integer,Iteration and Timestep,,2002,2021
,2058,Urbanization,,Uniform Integer,Iteration and Timestep,,2002,2021
,2059,Urbanization,,Uniform Integer,Iteration and Timestep,,2002,2021
,2060,Urbanization,,Uniform Integer,Iteration and Timestep,,2002,2021
,2061,Urbanization,,Uniform Integer,Iteration and Timestep,,2002,2021
,2062,Urbanization,,Uniform Integer,Iteration and Timestep,,2002,2021
,2063,Urbanization,,Uniform Integer,Iteration and Timestep,,2002,2021
,2064,Urbanization,,Uniform Integer,Iteration and Timestep,,2002,2021
,2065,Urbanization,,Uniform Integer,Iteration and Timestep,,2002,2021
,2066,Urbanization,,Uniform Integer,Iteration and Timestep,,2002,2021
,2067,Urbanization,,Uniform Integer,Iteration and Timestep,,2002,2021
,2068,Urbanization,,Uniform Integer,Iteration and Timestep,,2002,2021
,2069,Urbanization,,Uniform Integer,Iteration and Timestep,,2002,2021
,2070,Urbanization,,Uniform Integer,Iteration and Timestep,,2002,2021
,2071,Urbanization,,Uniform Integer,Iteration and Timestep,,2002,2021
,2072,Urbanization,,Uniform Integer,Iteration and Timestep,,2002,2021
,2073,Urbanization,,Uniform Integer,Iteration and Timestep,,2002,2021
,2074,Urbanization,,Uniform Integer,Iteration and Timestep,,2002,2021
,2075,Urbanization,,Uniform Integer,Iteration and Timestep,,2002,2021
,2076,Urbanization,,Uniform Integer,Iteration and Timestep,,2002,2021
,2077,Urbanization,,Uniform Integer,Iteration and Timestep,,2002,2021
,2078,Urbanization,,Uniform Integer,Iteration and Timestep,,2002,2021
,2079,Urbanization,,Uniform Integer,Iteration and Timestep,,2002,2021
,2080,Urbanization,,Uniform Integer,Iteration and Timestep,,2002,2021
,2081,Urbanization,,Uniform Integer,Iteration and Timestep,,2002,2021
,2082,Urbanization,,Uniform Integer,Iteration and Timestep,,2002,2021
,2083,Urbanization,,Uniform Integer,Iteration and Timestep,,2002,2021
,2084,Urbanization,,Uniform Integer,Iteration and Timestep,,2002,2021
,2085,Urbanization,,Uniform Integer,Iteration and Timestep,,2002,2021
,2086,Urbanization,,Uniform Integer,Iteration and Timestep,,2002,2021
,2087,Urbanization,,Uniform Integer,Iteration and Timestep,,2002,2021
,2088,Urbanization,,Uniform Integer,Iteration and Timestep,,2002,2021
,2089,Urbanization,,Uniform Integer,Iteration and Timestep,,2002,2021
,2090,Urbanization,,Uniform Integer,Iteration and Timestep,,2002,2021
,2091,Urbanization,,Uniform Integer,Iteration and Timestep,,2002,2021
,2092,Urbanization,,Uniform Integer,Iteration and Timestep,,2002,2021
,2093,Urbanization,,Uniform Integer,Iteration and Timestep,,2002,2021
,2094,Urbanization,,Uniform Integer,Iteration and Timestep,,2002,2021
,2095,Urbanization,,Uniform Integer,Iteration and Timestep,,2002,2021
,2096,Urbanization,,Uniform Integer,Iteration and Timestep,,2002,2021
,2097,Urbanization,,Uniform Integer,Iteration and Timestep,,2002,2021
,2098,Urbanization,,Uniform Integer,Iteration and Timestep,,2002,2021
,2099,Urbanization,,Uniform Integer,Iteration and Timestep,,2002,2021
,2100,Urbanization,,Uniform Integer,Iteration and Timestep,,2002,2021
,2002,Insect,2002,,,,,
,2003,Insect,2003,,,,,
,2004,Insect,2004,,,,,
,2005,Insect,2005,,,,,
,2006,Insect,2006,,,,,
,2007,Insect,2007,,,,,
,2008,Insect,2008,,,,,
,2009,Insect,2009,,,,,
,2010,Insect,2010,,,,,
,2011,Insect,2011,,,,,
,2012,Insect,2012,,,,,
,2013,Insect,2013,,,,,
,2014,Insect,2014,,,,,
,2015,Insect,2015,,,,,
,2016,Insect,2016,,,,,
,2017,Insect,2017,,,,,
,2018,Insect,2018,,,,,
,2019,Insect,2019,,,,,
,2020,Insect,2020,,,,,
,2021,Insect,2021,,,,,
,2022,Insect,,Uniform Integer,Iteration and Timestep,,2002,2021
,2023,Insect,,Uniform Integer,Iteration and Timestep,,2002,2021
,2024,Insect,,Uniform Integer,Iteration and Timestep,,2002,2021
,2025,Insect,,Uniform Integer,Iteration and Timestep,,2002,2021
,2026,Insect,,Uniform Integer,Iteration and Timestep,,2002,2021
,2027,Insect,,Uniform Integer,Iteration and Timestep,,2002,2021
,2028,Insect,,Uniform Integer,Iteration and Timestep,,2002,2021
,2029,Insect,,Uniform Integer,Iteration and Timestep,,2002,2021
,2030,Insect,,Uniform Integer,Iteration and Timestep,,2002,2021
,2031,Insect,,Uniform Integer,Iteration and Timestep,,2002,2021
,2032,Insect,,Uniform Integer,Iteration and Timestep,,2002,2021
,2033,Insect,,Uniform Integer,Iteration and Timestep,,2002,2021
,2034,Insect,,Uniform Integer,Iteration and Timestep,,2002,2021
,2035,Insect,,Uniform Integer,Iteration and Timestep,,2002,2021
,2036,Insect,,Uniform Integer,Iteration and Timestep,,2002,2021
,2037,Insect,,Uniform Integer,Iteration and Timestep,,2002,2021
,2038,Insect,,Uniform Integer,Iteration and Timestep,,2002,2021
,2039,Insect,,Uniform Integer,Iteration and Timestep,,2002,2021
,2040,Insect,,Uniform Integer,Iteration and Timestep,,2002,2021
,2041,Insect,,Uniform Integer,Iteration and Timestep,,2002,2021
,2042,Insect,,Uniform Integer,Iteration and Timestep,,2002,2021
,2043,Insect,,Uniform Integer,Iteration and Timestep,,2002,2021
,2044,Insect,,Uniform Integer,Iteration and Timestep,,2002,2021
,2045,Insect,,Uniform Integer,Iteration and Timestep,,2002,2021
,2046,Insect,,Uniform Integer,Iteration and Timestep,,2002,2021
,2047,Insect,,Uniform Integer,Iteration and Timestep,,2002,2021
,2048,Insect,,Uniform Integer,Iteration and Timestep,,2002,2021
,2049,Insect,,Uniform Integer,Iteration and Timestep,,2002,2021
,2050,Insect,,Uniform Integer,Iteration and Timestep,,2002,2021
,2051,Insect,,Uniform Integer,Iteration and Timestep,,2002,2021
,2052,Insect,,Uniform Integer,Iteration and Timestep,,2002,2021
,2053,Insect,,Uniform Integer,Iteration and Timestep,,2002,2021
,2054,Insect,,Uniform Integer,Iteration and Timestep,,2002,2021
,2055,Insect,,Uniform Integer,Iteration and Timestep,,2002,2021
,2056,Insect,,Uniform Integer,Iteration and Timestep,,2002,2021
,2057,Insect,,Uniform Integer,Iteration and Timestep,,2002,2021
,2058,Insect,,Uniform Integer,Iteration and Timestep,,2002,2021
,2059,Insect,,Uniform Integer,Iteration and Timestep,,2002,2021
,2060,Insect,,Uniform Integer,Iteration and Timestep,,2002,2021
,2061,Insect,,Uniform Integer,Iteration and Timestep,,2002,2021
,2062,Insect,,Uniform Integer,Iteration and Timestep,,2002,2021
,2063,Insect,,Uniform Integer,Iteration and Timestep,,2002,2021
,2064,Insect,,Uniform Integer,Iteration and Timestep,,2002,2021
,2065,Insect,,Uniform Integer,Iteration and Timestep,,2002,2021
,2066,Insect,,Uniform Integer,Iteration and Timestep,,2002,2021
,2067,Insect,,Uniform Integer,Iteration and Timestep,,2002,2021
,2068,Insect,,Uniform Integer,Iteration and Timestep,,2002,2021
,2069,Insect,,Uniform Integer,Iteration and Timestep,,2002,2021
,2070,Insect,,Uniform Integer,Iteration and Timestep,,2002,2021
,2071,Insect,,Uniform Integer,Iteration and Timestep,,2002,2021
,2072,Insect,,Uniform Integer,Iteration and Timestep,,2002,2021
,2073,Insect,,Uniform Integer,Iteration and Timestep,,2002,2021
,2074,Insect,,Uniform Integer,Iteration and Timestep,,2002,2021
,2075,Insect,,Uniform Integer,Iteration and Timestep,,2002,2021
,2076,Insect,,Uniform Integer,Iteration and Timestep,,2002,2021
,2077,Insect,,Uniform Integer,Iteration and Timestep,,2002,2021
,2078,Insect,,Uniform Integer,Iteration and Timestep,,2002,2021
,2079,Insect,,Uniform Integer,Iteration and Timestep,,2002,2021
,2080,Insect,,Uniform Integer,Iteration and Timestep,,2002,2021
,2081,Insect,,Uniform Integer,Iteration and Timestep,,2002,2021
,2082,Insect,,Uniform Integer,Iteration and Timestep,,2002,2021
,2083,Insect,,Uniform Integer,Iteration and Timestep,,2002,2021
,2084,Insect,,Uniform Integer,Iteration and Timestep,,2002,2021
,2085,Insect,,Uniform Integer,Iteration and Timestep,,2002,2021
,2086,Insect,,Uniform Integer,Iteration and Timestep,,2002,2021
,2087,Insect,,Uniform Integer,Iteration and Timestep,,2002,2021
,2088,Insect,,Uniform Integer,Iteration and Timestep,,2002,2021
,2089,Insect,,Uniform Integer,Iteration and Timestep,,2002,2021
,2090,Insect,,Uniform Integer,Iteration and Timestep,,2002,2021
,2091,Insect,,Uniform Integer,Iteration and Timestep,,2002,2021
,2092,Insect,,Uniform Integer,Iteration and Timestep,,2002,2021
,2093,Insect,,Uniform Integer,Iteration and Timestep,,2002,2021
,2094,Insect,,Uniform Integer,Iteration and Timestep,,2002,2021
,2095,Insect,,Uniform Integer,Iteration and Timestep,,2002,2021
,2096,Insect,,Uniform Integer,Iteration and Timestep,,2002,2021
,2097,Insect,,Uniform Integer,Iteration and Timestep,,2002,2021
,2098,Insect,,Uniform Integer,Iteration and Timestep,,2002,2021
,2099,Insect,,Uniform Integer,Iteration and Timestep,,2002,2021
,2100,Insect,,Uniform Integer,Iteration and Timestep,,2002,2021
,2002,Forest Harvest,2002,,,,,
,2003,Forest Harvest,2003,,,,,
,2004,Forest Harvest,2004,,,,,
,2005,Forest Harvest,2005,,,,,
,2006,Forest Harvest,2006,,,,,
,2007,Forest Harvest,2007,,,,,
,2008,Forest Harvest,2008,,,,,
,2009,Forest Harvest,2009,,,,,
,2010,Forest Harvest,2010,,,,,
,2011,Forest Harvest,2011,,,,,
,2012,Forest Harvest,2012,,,,,
,2013,Forest Harvest,2013,,,,,
,2014,Forest Harvest,2014,,,,,
,2015,Forest Harvest,2015,,,,,
,2016,Forest Harvest,2016,,,,,
,2017,Forest Harvest,2017,,,,,
,2018,Forest Harvest,2018,,,,,
,2019,Forest Harvest,2019,,,,,
,2020,Forest Harvest,2020,,,,,
,2021,Forest Harvest,2021,,,,,
,2022,Forest Harvest,,Uniform Integer,Iteration and Timestep,,2002,2021
,2023,Forest Harvest,,Uniform Integer,Iteration and Timestep,,2002,2021
,2024,Forest Harvest,,Uniform Integer,Iteration and Timestep,,2002,2021
,2025,Forest Harvest,,Uniform Integer,Iteration and Timestep,,2002,2021
,2026,Forest Harvest,,Uniform Integer,Iteration and Timestep,,2002,2021
,2027,Forest Harvest,,Uniform Integer,Iteration and Timestep,,2002,2021
,2028,Forest Harvest,,Uniform Integer,Iteration and Timestep,,2002,2021
,2029,Forest Harvest,,Uniform Integer,Iteration and Timestep,,2002,2021
,2030,Forest Harvest,,Uniform Integer,Iteration and Timestep,,2002,2021
,2031,Forest Harvest,,Uniform Integer,Iteration and Timestep,,2002,2021
,2032,Forest Harvest,,Uniform Integer,Iteration and Timestep,,2002,2021
,2033,Forest Harvest,,Uniform Integer,Iteration and Timestep,,2002,2021
,2034,Forest Harvest,,Uniform Integer,Iteration and Timestep,,2002,2021
,2035,Forest Harvest,,Uniform Integer,Iteration and Timestep,,2002,2021
,2036,Forest Harvest,,Uniform Integer,Iteration and Timestep,,2002,2021
,2037,Forest Harvest,,Uniform Integer,Iteration and Timestep,,2002,2021
,2038,Forest Harvest,,Uniform Integer,Iteration and Timestep,,2002,2021
,2039,Forest Harvest,,Uniform Integer,Iteration and Timestep,,2002,2021
,2040,Forest Harvest,,Uniform Integer,Iteration and Timestep,,2002,2021
,2041,Forest Harvest,,Uniform Integer,Iteration and Timestep,,2002,2021
,2042,Forest Harvest,,Uniform Integer,Iteration and Timestep,,2002,2021
,2043,Forest Harvest,,Uniform Integer,Iteration and Timestep,,2002,2021
,2044,Forest Harvest,,Uniform Integer,Iteration and Timestep,,2002,2021
,2045,Forest Harvest,,Uniform Integer,Iteration and Timestep,,2002,2021
,2046,Forest Harvest,,Uniform Integer,Iteration and Timestep,,2002,2021
,2047,Forest Harvest,,Uniform Integer,Iteration and Timestep,,2002,2021
,2048,Forest Harvest,,Uniform Integer,Iteration and Timestep,,2002,2021
,2049,Forest Harvest,,Uniform Integer,Iteration and Timestep,,2002,2021
,2050,Forest Harvest,,Uniform Integer,Iteration and Timestep,,2002,2021
,2051,Forest Harvest,,Uniform Integer,Iteration and Timestep,,2002,2021
,2052,Forest Harvest,,Uniform Integer,Iteration and Timestep,,2002,2021
,2053,Forest Harvest,,Uniform Integer,Iteration and Timestep,,2002,2021
,2054,Forest Harvest,,Uniform Integer,Iteration and Timestep,,2002,2021
,2055,Forest Harvest,,Uniform Integer,Iteration and Timestep,,2002,2021
,2056,Forest Harvest,,Uniform Integer,Iteration and Timestep,,2002,2021
,2057,Forest Harvest,,Uniform Integer,Iteration and Timestep,,2002,2021
,2058,Forest Harvest,,Uniform Integer,Iteration and Timestep,,2002,2021
,2059,Forest Harvest,,Uniform Integer,Iteration and Timestep,,2002,2021
,2060,Forest Harvest,,Uniform Integer,Iteration and Timestep,,2002,2021
,2061,Forest Harvest,,Uniform Integer,Iteration and Timestep,,2002,2021
,2062,Forest Harvest,,Uniform Integer,Iteration and Timestep,,2002,2021
,2063,Forest Harvest,,Uniform Integer,Iteration and Timestep,,2002,2021
,2064,Forest Harvest,,Uniform Integer,Iteration and Timestep,,2002,2021
,2065,Forest Harvest,,Uniform Integer,Iteration and Timestep,,2002,2021
,2066,Forest Harvest,,Uniform Integer,Iteration and Timestep,,2002,2021
,2067,Forest Harvest,,Uniform Integer,Iteration and Timestep,,2002,2021
,2068,Forest Harvest,,Uniform Integer,Iteration and Timestep,,2002,2021
,2069,Forest Harvest,,Uniform Integer,Iteration and Timestep,,2002,2021
,2070,Forest Harvest,,Uniform Integer,Iteration and Timestep,,2002,2021
,2071,Forest Harvest,,Uniform Integer,Iteration and Timestep,,2002,2021
,2072,Forest Harvest,,Uniform Integer,Iteration and Timestep,,2002,2021
,2073,Forest Harvest,,Uniform Integer,Iteration and Timestep,,2002,2021
,2074,Forest Harvest,,Uniform Integer,Iteration and Timestep,,2002,2021
,2075,Forest Harvest,,Uniform Integer,Iteration and Timestep,,2002,2021
,2076,Forest Harvest,,Uniform Integer,Iteration and Timestep,,2002,2021
,2077,Forest Harvest,,Uniform Integer,Iteration and Timestep,,2002,2021
,2078,Forest Harvest,,Uniform Integer,Iteration and Timestep,,2002,2021
,2079,Forest Harvest,,Uniform Integer,Iteration and Timestep,,2002,2021
,2080,Forest Harvest,,Uniform Integer,Iteration and Timestep,,2002,2021
,2081,Forest Harvest,,Uniform Integer,Iteration and Timestep,,2002,2021
,2082,Forest Harvest,,Uniform Integer,Iteration and Timestep,,2002,2021
,2083,Forest Harvest,,Uniform Integer,Iteration and Timestep,,2002,2021
,2084,Forest Harvest,,Uniform Integer,Iteration and Timestep,,2002,2021
,2085,Forest Harvest,,Uniform Integer,Iteration and Timestep,,2002,2021
,2086,Forest Harvest,,Uniform Integer,Iteration and Timestep,,2002,2021
,2087,Forest Harvest,,Uniform Integer,Iteration and Timestep,,2002,2021
,2088,Forest Harvest,,Uniform Integer,Iteration and Timestep,,2002,2021
,2089,Forest Harvest,,Uniform Integer,Iteration and Timestep,,2002,2021
,2090,Forest Harvest,,Uniform Integer,Iteration and Timestep,,2002,2021
,2091,Forest Harvest,,Uniform Integer,Iteration and Timestep,,2002,2021
,2092,Forest Harvest,,Uniform Integer,Iteration and Timestep,,2002,2021
,2093,Forest Harvest,,Uniform Integer,Iteration and Timestep,,2002,2021
,2094,Forest Harvest,,Uniform Integer,Iteration and Timestep,,2002,2021
,2095,Forest Harvest,,Uniform Integer,Iteration and Timestep,,2002,2021
,2096,Forest Harvest,,Uniform Integer,Iteration and Timestep,,2002,2021
,2097,Forest Harvest,,Uniform Integer,Iteration and Timestep,,2002,2021
,2098,Forest Harvest,,Uniform Integer,Iteration and Timestep,,2002,2021
,2099,Forest Harvest,,Uniform Integer,Iteration and Timestep,,2002,2021
,2100,Forest Harvest,,Uniform Integer,Iteration and Timestep,,2002,2021
,2002,Ag Change,2002,,,,,
,2003,Ag Change,2003,,,,,
,2004,Ag Change,2004,,,,,
,2005,Ag Change,2005,,,,,
,2006,Ag Change,2006,,,,,
,2007,Ag Change,2007,,,,,
,2008,Ag Change,2008,,,,,
,2009,Ag Change,2009,,,,,
,2010,Ag Change,2010,,,,,
,2011,Ag Change,2011,,,,,
,2012,Ag Change,2012,,,,,
,2013,Ag Change,2013,,,,,
,2014,Ag Change,2014,,,,,
,2015,Ag Change,2015,,,,,
,2016,Ag Change,2016,,,,,
,2017,Ag Change,2017,,,,,
,2018,Ag Change,2018,,,,,
,2019,Ag Change,2019,,,,,
,2020,Ag Change,2020,,,,,
,2021,Ag Change,2021,,,,,
,2022,Ag Change,,Uniform Integer,Iteration and Timestep,,2002,2021
,2023,Ag Change,,Uniform Integer,Iteration and Timestep,,2002,2021
,2024,Ag Change,,Uniform Integer,Iteration and Timestep,,2002,2021
,2025,Ag Change,,Uniform Integer,Iteration and Timestep,,2002,2021
,2026,Ag Change,,Uniform Integer,Iteration and Timestep,,2002,2021
,2027,Ag Change,,Uniform Integer,Iteration and Timestep,,2002,2021
,2028,Ag Change,,Uniform Integer,Iteration and Timestep,,2002,2021
,2029,Ag Change,,Uniform Integer,Iteration and Timestep,,2002,2021
,2030,Ag Change,,Uniform Integer,Iteration and Timestep,,2002,2021
,2031,Ag Change,,Uniform Integer,Iteration and Timestep,,2002,2021
,2032,Ag Change,,Uniform Integer,Iteration and Timestep,,2002,2021
,2033,Ag Change,,Uniform Integer,Iteration and Timestep,,2002,2021
,2034,Ag Change,,Uniform Integer,Iteration and Timestep,,2002,2021
,2035,Ag Change,,Uniform Integer,Iteration and Timestep,,2002,2021
,2036,Ag Change,,Uniform Integer,Iteration and Timestep,,2002,2021
,2037,Ag Change,,Uniform Integer,Iteration and Timestep,,2002,2021
,2038,Ag Change,,Uniform Integer,Iteration and Timestep,,2002,2021
,2039,Ag Change,,Uniform Integer,Iteration and Timestep,,2002,2021
,2040,Ag Change,,Uniform Integer,Iteration and Timestep,,2002,2021
,2041,Ag Change,,Uniform Integer,Iteration and Timestep,,2002,2021
,2042,Ag Change,,Uniform Integer,Iteration and Timestep,,2002,2021
,2043,Ag Change,,Uniform Integer,Iteration and Timestep,,2002,2021
,2044,Ag Change,,Uniform Integer,Iteration and Timestep,,2002,2021
,2045,Ag Change,,Uniform Integer,Iteration and Timestep,,2002,2021
,2046,Ag Change,,Uniform Integer,Iteration and Timestep,,2002,2021
,2047,Ag Change,,Uniform Integer,Iteration and Timestep,,2002,2021
,2048,Ag Change,,Uniform Integer,Iteration and Timestep,,2002,2021
,2049,Ag Change,,Uniform Integer,Iteration and Timestep,,2002,2021
,2050,Ag Change,,Uniform Integer,Iteration and Timestep,,2002,2021
,2051,Ag Change,,Uniform Integer,Iteration and Timestep,,2002,2021
,2052,Ag Change,,Uniform Integer,Iteration and Timestep,,2002,2021
,2053,Ag Change,,Uniform Integer,Iteration and Timestep,,2002,2021
,2054,Ag Change,,Uniform Integer,Iteration and Timestep,,2002,2021
,2055,Ag Change,,Uniform Integer,Iteration and Timestep,,2002,2021
,2056,Ag Change,,Uniform Integer,Iteration and Timestep,,2002,2021
,2057,Ag Change,,Uniform Integer,Iteration and Timestep,,2002,2021
,2058,Ag Change,,Uniform Integer,Iteration and Timestep,,2002,2021
,2059,Ag Change,,Uniform Integer,Iteration and Timestep,,2002,2021
,2060,Ag Change,,Uniform Integer,Iteration and Timestep,,2002,2021
,2061,Ag Change,,Uniform Integer,Iteration and Timestep,,2002,2021
,2062,Ag Change,,Uniform Integer,Iteration and Timestep,,2002,2021
,2063,Ag Change,,Uniform Integer,Iteration and Timestep,,2002,2021
,2064,Ag Change,,Uniform Integer,Iteration and Timestep,,2002,2021
,2065,Ag Change,,Uniform Integer,Iteration and Timestep,,2002,2021
,2066,Ag Change,,Uniform Integer,Iteration and Timestep,,2002,2021
,2067,Ag Change,,Uniform Integer,Iteration and Timestep,,2002,2021
,2068,Ag Change,,Uniform Integer,Iteration and Timestep,,2002,2021
,2069,Ag Change,,Uniform Integer,Iteration and Timestep,,2002,2021
,2070,Ag Change,,Uniform Integer,Iteration and Timestep,,2002,2021
,2071,Ag Change,,Uniform Integer,Iteration and Timestep,,2002,2021
,2072,Ag Change,,Uniform Integer,Iteration and Timestep,,2002,2021
,2073,Ag Change,,Uniform Integer,Iteration and Timestep,,2002,2021
,2074,Ag Change,,Uniform Integer,Iteration and Timestep,,2002,2021
,2075,Ag Change,,Uniform Integer,Iteration and Timestep,,2002,2021
,2076,Ag Change,,Uniform Integer,Iteration and Timestep,,2002,2021
,2077,Ag Change,,Uniform Integer,Iteration and Timestep,,2002,2021
,2078,Ag Change,,Uniform Integer,Iteration and Timestep,,2002,2021
,2079,Ag Change,,Uniform Integer,Iteration and Timestep,,2002,2021
,2080,Ag Change,,Uniform Integer,Iteration and Timestep,,2002,2021
,2081,Ag Change,,Uniform Integer,Iteration and Timestep,,2002,2021
,2082,Ag Change,,Uniform Integer,Iteration and Timestep,,2002,2021
,2083,Ag Change,,Uniform Integer,Iteration and Timestep,,2002,2021
,2084,Ag Change,,Uniform Integer,Iteration and Timestep,,2002,2021
,2085,Ag Change,,Uniform Integer,Iteration and Timestep,,2002,2021
,2086,Ag Change,,Uniform Integer,Iteration and Timestep,,2002,2021
,2087,Ag Change,,Uniform Integer,Iteration and Timestep,,2002,2021
,2088,Ag Change,,Uniform Integer,Iteration and Timestep,,2002,2021
,2089,Ag Change,,Uniform Integer,Iteration and Timestep,,2002,2021
,2090,Ag Change,,Uniform Integer,Iteration and Timestep,,2002,2021
,2091,Ag Change,,Uniform Integer,Iteration and Timestep,,2002,2021
,2092,Ag Change,,Uniform Integer,Iteration and Timestep,,2002,2021
,2093,Ag Change,,Uniform Integer,Iteration and Timestep,,2002,2021
,2094,Ag Change,,Uniform Integer,Iteration and Timestep,,2002,2021
,2095,Ag Change,,Uniform Integer,Iteration and Timestep,,2002,2021
,2096,Ag Change,,Uniform Integer,Iteration and Timestep,,2002,2021
,2097,Ag Change,,Uniform Integer,Iteration and Timestep,,2002,2021
,2098,Ag Change,,Uniform Integer,Iteration and Timestep,,2002,2021
,2099,Ag Change,,Uniform Integer,Iteration and Timestep,,2002,2021
,2100,Ag Change,,Uniform Integer,Iteration and Timestep,,2002,2021
,2002,Ag Expansion: Cropland,2002,,,,,
,2003,Ag Expansion: Cropland,2003,,,,,
,2004,Ag Expansion: Cropland,2004,,,,,
,2005,Ag Expansion: Cropland,2005,,,,,
,2006,Ag Expansion: Cropland,2006,,,,,
,2007,Ag Expansion: Cropland,2007,,,,,
,2008,Ag Expansion: Cropland,2008,,,,,
,2009,Ag Expansion: Cropland,2009,,,,,
,2010,Ag Expansion: Cropland,2010,,,,,
,2011,Ag Expansion: Cropland,2011,,,,,
,2012,Ag Expansion: Cropland,2012,,,,,
,2013,Ag Expansion: Cropland,2013,,,,,
,2014,Ag Expansion: Cropland,2014,,,,,
,2015,Ag Expansion: Cropland,2015,,,,,
,2016,Ag Expansion: Cropland,2016,,,,,
,2017,Ag Expansion: Cropland,2017,,,,,
,2018,Ag Expansion: Cropland,2018,,,,,
,2019,Ag Expansion: Cropland,2019,,,,,
,2020,Ag Expansion: Cropland,2020,,,,,
,2021,Ag Expansion: Cropland,2021,,,,,
,2022,Ag Expansion: Cropland,,Uniform Integer,Iteration and Timestep,,2002,2021
,2023,Ag Expansion: Cropland,,Uniform Integer,Iteration and Timestep,,2002,2021
,2024,Ag Expansion: Cropland,,Uniform Integer,Iteration and Timestep,,2002,2021
,2025,Ag Expansion: Cropland,,Uniform Integer,Iteration and Timestep,,2002,2021
,2026,Ag Expansion: Cropland,,Uniform Integer,Iteration and Timestep,,2002,2021
,2027,Ag Expansion: Cropland,,Uniform Integer,Iteration and Timestep,,2002,2021
,2028,Ag Expansion: Cropland,,Uniform Integer,Iteration and Timestep,,2002,2021
,2029,Ag Expansion: Cropland,,Uniform Integer,Iteration and Timestep,,2002,2021
,2030,Ag Expansion: Cropland,,Uniform Integer,Iteration and Timestep,,2002,2021
,2031,Ag Expansion: Cropland,,Uniform Integer,Iteration and Timestep,,2002,2021
,2032,Ag Expansion: Cropland,,Uniform Integer,Iteration and Timestep,,2002,2021
,2033,Ag Expansion: Cropland,,Uniform Integer,Iteration and Timestep,,2002,2021
,2034,Ag Expansion: Cropland,,Uniform Integer,Iteration and Timestep,,2002,2021
,2035,Ag Expansion: Cropland,,Uniform Integer,Iteration and Timestep,,2002,2021
,2036,Ag Expansion: Cropland,,Uniform Integer,Iteration and Timestep,,2002,2021
,2037,Ag Expansion: Cropland,,Uniform Integer,Iteration and Timestep,,2002,2021
,2038,Ag Expansion: Cropland,,Uniform Integer,Iteration and Timestep,,2002,2021
,2039,Ag Expansion: Cropland,,Uniform Integer,Iteration and Timestep,,2002,2021
,2040,Ag Expansion: Cropland,,Uniform Integer,Iteration and Timestep,,2002,2021
,2041,Ag Expansion: Cropland,,Uniform Integer,Iteration and Timestep,,2002,2021
,2042,Ag Expansion: Cropland,,Uniform Integer,Iteration and Timestep,,2002,2021
,2043,Ag Expansion: Cropland,,Uniform Integer,Iteration and Timestep,,2002,2021
,2044,Ag Expansion: Cropland,,Uniform Integer,Iteration and Timestep,,2002,2021
,2045,Ag Expansion: Cropland,,Uniform Integer,Iteration and Timestep,,2002,2021
,2046,Ag Expansion: Cropland,,Uniform Integer,Iteration and Timestep,,2002,2021
,2047,Ag Expansion: Cropland,,Uniform Integer,Iteration and Timestep,,2002,2021
,2048,Ag Expansion: Cropland,,Uniform Integer,Iteration and Timestep,,2002,2021
,2049,Ag Expansion: Cropland,,Uniform Integer,Iteration and Timestep,,2002,2021
,2050,Ag Expansion: Cropland,,Uniform Integer,Iteration and Timestep,,2002,2021
,2051,Ag Expansion: Cropland,,Uniform Integer,Iteration and Timestep,,2002,2021
,2052,Ag Expansion: Cropland,,Uniform Integer,Iteration and Timestep,,2002,2021
,2053,Ag Expansion: Cropland,,Uniform Integer,Iteration and Timestep,,2002,2021
,2054,Ag Expansion: Cropland,,Uniform Integer,Iteration and Timestep,,2002,2021
,2055,Ag Expansion: Cropland,,Uniform Integer,Iteration and Timestep,,2002,2021
,2056,Ag Expansion: Cropland,,Uniform Integer,Iteration and Timestep,,2002,2021
,2057,Ag Expansion: Cropland,,Uniform Integer,Iteration and Timestep,,2002,2021
,2058,Ag Expansion: Cropland,,Uniform Integer,Iteration and Timestep,,2002,2021
,2059,Ag Expansion: Cropland,,Uniform Integer,Iteration and Timestep,,2002,2021
,2060,Ag Expansion: Cropland,,Uniform Integer,Iteration and Timestep,,2002,2021
,2061,Ag Expansion: Cropland,,Uniform Integer,Iteration and Timestep,,2002,2021
,2062,Ag Expansion: Cropland,,Uniform Integer,Iteration and Timestep,,2002,2021
,2063,Ag Expansion: Cropland,,Uniform Integer,Iteration and Timestep,,2002,2021
,2064,Ag Expansion: Cropland,,Uniform Integer,Iteration and Timestep,,2002,2021
,2065,Ag Expansion: Cropland,,Uniform Integer,Iteration and Timestep,,2002,2021
,2066,Ag Expansion: Cropland,,Uniform Integer,Iteration and Timestep,,2002,2021
,2067,Ag Expansion: Cropland,,Uniform Integer,Iteration and Timestep,,2002,2021
,2068,Ag Expansion: Cropland,,Uniform Integer,Iteration and Timestep,,2002,2021
,2069,Ag Expansion: Cropland,,Uniform Integer,Iteration and Timestep,,2002,2021
,2070,Ag Expansion: Cropland,,Uniform Integer,Iteration and Timestep,,2002,2021
,2071,Ag Expansion: Cropland,,Uniform Integer,Iteration and Timestep,,2002,2021
,2072,Ag Expansion: Cropland,,Uniform Integer,Iteration and Timestep,,2002,2021
,2073,Ag Expansion: Cropland,,Uniform Integer,Iteration and Timestep,,2002,2021
,2074,Ag Expansion: Cropland,,Uniform Integer,Iteration and Timestep,,2002,2021
,2075,Ag Expansion: Cropland,,Uniform Integer,Iteration and Timestep,,2002,2021
,2076,Ag Expansion: Cropland,,Uniform Integer,Iteration and Timestep,,2002,2021
,2077,Ag Expansion: Cropland,,Uniform Integer,Iteration and Timestep,,2002,2021
,2078,Ag Expansion: Cropland,,Uniform Integer,Iteration and Timestep,,2002,2021
,2079,Ag Expansion: Cropland,,Uniform Integer,Iteration and Timestep,,2002,2021
,2080,Ag Expansion: Cropland,,Uniform Integer,Iteration and Timestep,,2002,2021
,2081,Ag Expansion: Cropland,,Uniform Integer,Iteration and Timestep,,2002,2021
,2082,Ag Expansion: Cropland,,Uniform Integer,Iteration and Timestep,,2002,2021
,2083,Ag Expansion: Cropland,,Uniform Integer,Iteration and Timestep,,2002,2021
,2084,Ag Expansion: Cropland,,Uniform Integer,Iteration and Timestep,,2002,2021
,2085,Ag Expansion: Cropland,,Uniform Integer,Iteration and Timestep,,2002,2021
,2086,Ag Expansion: Cropland,,Uniform Integer,Iteration and Timestep,,2002,2021
,2087,Ag Expansion: Cropland,,Uniform Integer,Iteration and Timestep,,2002,2021
,2088,Ag Expansion: Cropland,,Uniform Integer,Iteration and Timestep,,2002,2021
,2089,Ag Expansion: Cropland,,Uniform Integer,Iteration and Timestep,,2002,2021
,2090,Ag Expansion: Cropland,,Uniform Integer,Iteration and Timestep,,2002,2021
,2091,Ag Expansion: Cropland,,Uniform Integer,Iteration and Timestep,,2002,2021
,2092,Ag Expansion: Cropland,,Uniform Integer,Iteration and Timestep,,2002,2021
,2093,Ag Expansion: Cropland,,Uniform Integer,Iteration and Timestep,,2002,2021
,2094,Ag Expansion: Cropland,,Uniform Integer,Iteration and Timestep,,2002,2021
,2095,Ag Expansion: Cropland,,Uniform Integer,Iteration and Timestep,,2002,2021
,2096,Ag Expansion: Cropland,,Uniform Integer,Iteration and Timestep,,2002,2021
,2097,Ag Expansion: Cropland,,Uniform Integer,Iteration and Timestep,,2002,2021
,2098,Ag Expansion: Cropland,,Uniform Integer,Iteration and Timestep,,2002,2021
,2099,Ag Expansion: Cropland,,Uniform Integer,Iteration and Timestep,,2002,2021
,2100,Ag Expansion: Cropland,,Uniform Integer,Iteration and Timestep,,2002,2021
,2002,Ag Expansion: Pasture,2002,,,,,
,2003,Ag Expansion: Pasture,2003,,,,,
,2004,Ag Expansion: Pasture,2004,,,,,
,2005,Ag Expansion: Pasture,2005,,,,,
,2006,Ag Expansion: Pasture,2006,,,,,
,2007,Ag Expansion: Pasture,2007,,,,,
,2008,Ag Expansion: Pasture,2008,,,,,
,2009,Ag Expansion: Pasture,2009,,,,,
,2010,Ag Expansion: Pasture,2010,,,,,
,2011,Ag Expansion: Pasture,2011,,,,,
,2012,Ag Expansion: Pasture,2012,,,,,
,2013,Ag Expansion: Pasture,2013,,,,,
,2014,Ag Expansion: Pasture,2014,,,,,
,2015,Ag Expansion: Pasture,2015,,,,,
,2016,Ag Expansion: Pasture,2016,,,,,
,2017,Ag Expansion: Pasture,2017,,,,,
,2018,Ag Expansion: Pasture,2018,,,,,
,2019,Ag Expansion: Pasture,2019,,,,,
,2020,Ag Expansion: Pasture,2020,,,,,
,2021,Ag Expansion: Pasture,2021,,,,,
,2022,Ag Expansion: Pasture,,Uniform Integer,Iteration and Timestep,,2002,2021
,2023,Ag Expansion: Pasture,,Uniform Integer,Iteration and Timestep,,2002,2021
,2024,Ag Expansion: Pasture,,Uniform Integer,Iteration and Timestep,,2002,2021
,2025,Ag Expansion: Pasture,,Uniform Integer,Iteration and Timestep,,2002,2021
,2026,Ag Expansion: Pasture,,Uniform Integer,Iteration and Timestep,,2002,2021
,2027,Ag Expansion: Pasture,,Uniform Integer,Iteration and Timestep,,2002,2021
,2028,Ag Expansion: Pasture,,Uniform Integer,Iteration and Timestep,,2002,2021
,2029,Ag Expansion: Pasture,,Uniform Integer,Iteration and Timestep,,2002,2021
,2030,Ag Expansion: Pasture,,Uniform Integer,Iteration and Timestep,,2002,2021
,2031,Ag Expansion: Pasture,,Uniform Integer,Iteration and Timestep,,2002,2021
,2032,Ag Expansion: Pasture,,Uniform Integer,Iteration and Timestep,,2002,2021
,2033,Ag Expansion: Pasture,,Uniform Integer,Iteration and Timestep,,2002,2021
,2034,Ag Expansion: Pasture,,Uniform Integer,Iteration and Timestep,,2002,2021
,2035,Ag Expansion: Pasture,,Uniform Integer,Iteration and Timestep,,2002,2021
,2036,Ag Expansion: Pasture,,Uniform Integer,Iteration and Timestep,,2002,2021
,2037,Ag Expansion: Pasture,,Uniform Integer,Iteration and Timestep,,2002,2021
,2038,Ag Expansion: Pasture,,Uniform Integer,Iteration and Timestep,,2002,2021
,2039,Ag Expansion: Pasture,,Uniform Integer,Iteration and Timestep,,2002,2021
,2040,Ag Expansion: Pasture,,Uniform Integer,Iteration and Timestep,,2002,2021
,2041,Ag Expansion: Pasture,,Uniform Integer,Iteration and Timestep,,2002,2021
,2042,Ag Expansion: Pasture,,Uniform Integer,Iteration and Timestep,,2002,2021
,2043,Ag Expansion: Pasture,,Uniform Integer,Iteration and Timestep,,2002,2021
,2044,Ag Expansion: Pasture,,Uniform Integer,Iteration and Timestep,,2002,2021
,2045,Ag Expansion: Pasture,,Uniform Integer,Iteration and Timestep,,2002,2021
,2046,Ag Expansion: Pasture,,Uniform Integer,Iteration and Timestep,,2002,2021
,2047,Ag Expansion: Pasture,,Uniform Integer,Iteration and Timestep,,2002,2021
,2048,Ag Expansion: Pasture,,Uniform Integer,Iteration and Timestep,,2002,2021
,2049,Ag Expansion: Pasture,,Uniform Integer,Iteration and Timestep,,2002,2021
,2050,Ag Expansion: Pasture,,Uniform Integer,Iteration and Timestep,,2002,2021
,2051,Ag Expansion: Pasture,,Uniform Integer,Iteration and Timestep,,2002,2021
,2052,Ag Expansion: Pasture,,Uniform Integer,Iteration and Timestep,,2002,2021
,2053,Ag Expansion: Pasture,,Uniform Integer,Iteration and Timestep,,2002,2021
,2054,Ag Expansion: Pasture,,Uniform Integer,Iteration and Timestep,,2002,2021
,2055,Ag Expansion: Pasture,,Uniform Integer,Iteration and Timestep,,2002,2021
,2056,Ag Expansion: Pasture,,Uniform Integer,Iteration and Timestep,,2002,2021
,2057,Ag Expansion: Pasture,,Uniform Integer,Iteration and Timestep,,2002,2021
,2058,Ag Expansion: Pasture,,Uniform Integer,Iteration and Timestep,,2002,2021
,2059,Ag Expansion: Pasture,,Uniform Integer,Iteration and Timestep,,2002,2021
,2060,Ag Expansion: Pasture,,Uniform Integer,Iteration and Timestep,,2002,2021
,2061,Ag Expansion: Pasture,,Uniform Integer,Iteration and Timestep,,2002,2021
,2062,Ag Expansion: Pasture,,Uniform Integer,Iteration and Timestep,,2002,2021
,2063,Ag Expansion: Pasture,,Uniform Integer,Iteration and Timestep,,2002,2021
,2064,Ag Expansion: Pasture,,Uniform Integer,Iteration and Timestep,,2002,2021
,2065,Ag Expansion: Pasture,,Uniform Integer,Iteration and Timestep,,2002,2021
,2066,Ag Expansion: Pasture,,Uniform Integer,Iteration and Timestep,,2002,2021
,2067,Ag Expansion: Pasture,,Uniform Integer,Iteration and Timestep,,2002,2021
,2068,Ag Expansion: Pasture,,Uniform Integer,Iteration and Timestep,,2002,2021
,2069,Ag Expansion: Pasture,,Uniform Integer,Iteration and Timestep,,2002,2021
,2070,Ag Expansion: Pasture,,Uniform Integer,Iteration and Timestep,,2002,2021
,2071,Ag Expansion: Pasture,,Uniform Integer,Iteration and Timestep,,2002,2021
,2072,Ag Expansion: Pasture,,Uniform Integer,Iteration and Timestep,,2002,2021
,2073,Ag Expansion: Pasture,,Uniform Integer,Iteration and Timestep,,2002,2021
,2074,Ag Expansion: Pasture,,Uniform Integer,Iteration and Timestep,,2002,2021
,2075,Ag Expansion: Pasture,,Uniform Integer,Iteration and Timestep,,2002,2021
,2076,Ag Expansion: Pasture,,Uniform Integer,Iteration and Timestep,,2002,2021
,2077,Ag Expansion: Pasture,,Uniform Integer,Iteration and Timestep,,2002,2021
,2078,Ag Expansion: Pasture,,Uniform Integer,Iteration and Timestep,,2002,2021
,2079,Ag Expansion: Pasture,,Uniform Integer,Iteration and Timestep,,2002,2021
,2080,Ag Expansion: Pasture,,Uniform Integer,Iteration and Timestep,,2002,2021
,2081,Ag Expansion: Pasture,,Uniform Integer,Iteration and Timestep,,2002,2021
,2082,Ag Expansion: Pasture,,Uniform Integer,Iteration and Timestep,,2002,2021
,2083,Ag Expansion: Pasture,,Uniform Integer,Iteration and Timestep,,2002,2021
,2084,Ag Expansion: Pasture,,Uniform Integer,Iteration and Timestep,,2002,2021
,2085,Ag Expansion: Pasture,,Uniform Integer,Iteration and Timestep,,2002,2021
,2086,Ag Expansion: Pasture,,Uniform Integer,Iteration and Timestep,,2002,2021
,2087,Ag Expansion: Pasture,,Uniform Integer,Iteration and Timestep,,2002,2021
,2088,Ag Expansion: Pasture,,Uniform Integer,Iteration and Timestep,,2002,2021
,2089,Ag Expansion: Pasture,,Uniform Integer,Iteration and Timestep,,2002,2021
,2090,Ag Expansion: Pasture,,Uniform Integer,Iteration and Timestep,,2002,2021
,2091,Ag Expansion: Pasture,,Uniform Integer,Iteration and Timestep,,2002,2021
,2092,Ag Expansion: Pasture,,Uniform Integer,Iteration and Timestep,,2002,2021
,2093,Ag Expansion: Pasture,,Uniform Integer,Iteration and Timestep,,2002,2021
,2094,Ag Expansion: Pasture,,Uniform Integer,Iteration and Timestep,,2002,2021
,2095,Ag Expansion: Pasture,,Uniform Integer,Iteration and Timestep,,2002,2021
,2096,Ag Expansion: Pasture,,Uniform Integer,Iteration and Timestep,,2002,2021
,2097,Ag Expansion: Pasture,,Uniform Integer,Iteration and Timestep,,2002,2021
,2098,Ag Expansion: Pasture,,Uniform Integer,Iteration and Timestep,,2002,2021
,2099,Ag Expansion: Pasture,,Uniform Integer,Iteration and Timestep,,2002,2021
,2100,Ag Expansion: Pasture,,Uniform Integer,Iteration and Timestep,,2002,2021
,2002,Ag Contraction,2002,,,,,
,2003,Ag Contraction,2003,,,,,
,2004,Ag Contraction,2004,,,,,
,2005,Ag Contraction,2005,,,,,
,2006,Ag Contraction,2006,,,,,
,2007,Ag Contraction,2007,,,,,
,2008,Ag Contraction,2008,,,,,
,2009,Ag Contraction,2009,,,,,
,2010,Ag Contraction,2010,,,,,
,2011,Ag Contraction,2011,,,,,
,2012,Ag Contraction,2012,,,,,
,2013,Ag Contraction,2013,,,,,
,2014,Ag Contraction,2014,,,,,
,2015,Ag Contraction,2015,,,,,
,2016,Ag Contraction,2016,,,,,
,2017,Ag Contraction,2017,,,,,
,2018,Ag Contraction,2018,,,,,
,2019,Ag Contraction,2019,,,,,
,2020,Ag Contraction,2020,,,,,
,2021,Ag Contraction,2021,,,,,
,2022,Ag Contraction,,Uniform Integer,Iteration and Timestep,,2002,2021
,2023,Ag Contraction,,Uniform Integer,Iteration and Timestep,,2002,2021
,2024,Ag Contraction,,Uniform Integer,Iteration and Timestep,,2002,2021
,2025,Ag Contraction,,Uniform Integer,Iteration and Timestep,,2002,2021
,2026,Ag Contraction,,Uniform Integer,Iteration and Timestep,,2002,2021
,2027,Ag Contraction,,Uniform Integer,Iteration and Timestep,,2002,2021
,2028,Ag Contraction,,Uniform Integer,Iteration and Timestep,,2002,2021
,2029,Ag Contraction,,Uniform Integer,Iteration and Timestep,,2002,2021
,2030,Ag Contraction,,Uniform Integer,Iteration and Timestep,,2002,2021
,2031,Ag Contraction,,Uniform Integer,Iteration and Timestep,,2002,2021
,2032,Ag Contraction,,Uniform Integer,Iteration and Timestep,,2002,2021
,2033,Ag Contraction,,Uniform Integer,Iteration and Timestep,,2002,2021
,2034,Ag Contraction,,Uniform Integer,Iteration and Timestep,,2002,2021
,2035,Ag Contraction,,Uniform Integer,Iteration and Timestep,,2002,2021
,2036,Ag Contraction,,Uniform Integer,Iteration and Timestep,,2002,2021
,2037,Ag Contraction,,Uniform Integer,Iteration and Timestep,,2002,2021
,2038,Ag Contraction,,Uniform Integer,Iteration and Timestep,,2002,2021
,2039,Ag Contraction,,Uniform Integer,Iteration and Timestep,,2002,2021
,2040,Ag Contraction,,Uniform Integer,Iteration and Timestep,,2002,2021
,2041,Ag Contraction,,Uniform Integer,Iteration and Timestep,,2002,2021
,2042,Ag Contraction,,Uniform Integer,Iteration and Timestep,,2002,2021
,2043,Ag Contraction,,Uniform Integer,Iteration and Timestep,,2002,2021
,2044,Ag Contraction,,Uniform Integer,Iteration and Timestep,,2002,2021
,2045,Ag Contraction,,Uniform Integer,Iteration and Timestep,,2002,2021
,2046,Ag Contraction,,Uniform Integer,Iteration and Timestep,,2002,2021
,2047,Ag Contraction,,Uniform Integer,Iteration and Timestep,,2002,2021
,2048,Ag Contraction,,Uniform Integer,Iteration and Timestep,,2002,2021
,2049,Ag Contraction,,Uniform Integer,Iteration and Timestep,,2002,2021
,2050,Ag Contraction,,Uniform Integer,Iteration and Timestep,,2002,2021
,2051,Ag Contraction,,Uniform Integer,Iteration and Timestep,,2002,2021
,2052,Ag Contraction,,Uniform Integer,Iteration and Timestep,,2002,2021
,2053,Ag Contraction,,Uniform Integer,Iteration and Timestep,,2002,2021
,2054,Ag Contraction,,Uniform Integer,Iteration and Timestep,,2002,2021
,2055,Ag Contraction,,Uniform Integer,Iteration and Timestep,,2002,2021
,2056,Ag Contraction,,Uniform Integer,Iteration and Timestep,,2002,2021
,2057,Ag Contraction,,Uniform Integer,Iteration and Timestep,,2002,2021
,2058,Ag Contraction,,Uniform Integer,Iteration and Timestep,,2002,2021
,2059,Ag Contraction,,Uniform Integer,Iteration and Timestep,,2002,2021
,2060,Ag Contraction,,Uniform Integer,Iteration and Timestep,,2002,2021
,2061,Ag Contraction,,Uniform Integer,Iteration and Timestep,,2002,2021
,2062,Ag Contraction,,Uniform Integer,Iteration and Timestep,,2002,2021
,2063,Ag Contraction,,Uniform Integer,Iteration and Timestep,,2002,2021
,2064,Ag Contraction,,Uniform Integer,Iteration and Timestep,,2002,2021
,2065,Ag Contraction,,Uniform Integer,Iteration and Timestep,,2002,2021
,2066,Ag Contraction,,Uniform Integer,Iteration and Timestep,,2002,2021
,2067,Ag Contraction,,Uniform Integer,Iteration and Timestep,,2002,2021
,2068,Ag Contraction,,Uniform Integer,Iteration and Timestep,,2002,2021
,2069,Ag Contraction,,Uniform Integer,Iteration and Timestep,,2002,2021
,2070,Ag Contraction,,Uniform Integer,Iteration and Timestep,,2002,2021
,2071,Ag Contraction,,Uniform Integer,Iteration and Timestep,,2002,2021
,2072,Ag Contraction,,Uniform Integer,Iteration and Timestep,,2002,2021
,2073,Ag Contraction,,Uniform Integer,Iteration and Timestep,,2002,2021
,2074,Ag Contraction,,Uniform Integer,Iteration and Timestep,,2002,2021
,2075,Ag Contraction,,Uniform Integer,Iteration and Timestep,,2002,2021
,2076,Ag Contraction,,Uniform Integer,Iteration and Timestep,,2002,2021
,2077,Ag Contraction,,Uniform Integer,Iteration and Timestep,,2002,2021
,2078,Ag Contraction,,Uniform Integer,Iteration and Timestep,,2002,2021
,2079,Ag Contraction,,Uniform Integer,Iteration and Timestep,,2002,2021
,2080,Ag Contraction,,Uniform Integer,Iteration and Timestep,,2002,2021
,2081,Ag Contraction,,Uniform Integer,Iteration and Timestep,,2002,2021
,2082,Ag Contraction,,Uniform Integer,Iteration and Timestep,,2002,2021
,2083,Ag Contraction,,Uniform Integer,Iteration and Timestep,,2002,2021
,2084,Ag Contraction,,Uniform Integer,Iteration and Timestep,,2002,2021
,2085,Ag Contraction,,Uniform Integer,Iteration and Timestep,,2002,2021
,2086,Ag Contraction,,Uniform Integer,Iteration and Timestep,,2002,2021
,2087,Ag Contraction,,Uniform Integer,Iteration and Timestep,,2002,2021
,2088,Ag Contraction,,Uniform Integer,Iteration and Timestep,,2002,2021
,2089,Ag Contraction,,Uniform Integer,Iteration and Timestep,,2002,2021
,2090,Ag Contraction,,Uniform Integer,Iteration and Timestep,,2002,2021
,2091,Ag Contraction,,Uniform Integer,Iteration and Timestep,,2002,2021
,2092,Ag Contraction,,Uniform Integer,Iteration and Timestep,,2002,2021
,2093,Ag Contraction,,Uniform Integer,Iteration and Timestep,,2002,2021
,2094,Ag Contraction,,Uniform Integer,Iteration and Timestep,,2002,2021
,2095,Ag Contraction,,Uniform Integer,Iteration and Timestep,,2002,2021
,2096,Ag Contraction,,Uniform Integer,Iteration and Timestep,,2002,2021
,2097,Ag Contraction,,Uniform Integer,Iteration and Timestep,,2002,2021
,2098,Ag Contraction,,Uniform Integer,Iteration and Timestep,,2002,2021
,2099,Ag Contraction,,Uniform Integer,Iteration and Timestep,,2002,2021
,2100,Ag Contraction,,Uniform Integer,Iteration and Timestep,,2002,2021
