TransitionGroupID,Summary,SummaryByStateClass,TimeSinceTransition,Spatial,SpatialEvents,SpatialTimeSinceTransition,SpatialProbability,AvgSpatialTimeSinceTransition
Ag Contraction,Yes,No,No,Yes,No,No,Yes,No
Ag Expansion,Yes,No,No,Yes,No,No,Yes,No
Ag Expansion: Cropland [Type],Yes,No,No,Yes,No,No,Yes,No
Ag Expansion: Pasture [Type],Yes,No,No,Yes,No,No,Yes,No
Fire,Yes,No,No,Yes,No,No,Yes,No
Fire: High Severity [Type],Yes,No,No,Yes,No,No,Yes,No
Fire: Low Severity [Type],Yes,No,No,Yes,No,No,Yes,No
Fire: Medium Severity [Type],Yes,No,No,Yes,No,No,Yes,No
Forest Harvest,Yes,No,No,Yes,No,No,Yes,No
Forest Harvest: Forest Clearcut [Type],Yes,No,No,Yes,No,No,Yes,No
Forest Harvest: Forest Selection [Type],Yes,No,No,Yes,No,No,Yes,No
Forest Harvest: Forest Selection 20% [Type],Yes,No,No,Yes,No,No,Yes,No
Forest Harvest: Forest Selection 85% [Type],Yes,No,No,Yes,No,No,Yes,No
Forest Harvest: Salvage Logging [Type],Yes,No,No,Yes,No,No,Yes,No
Insect,Yes,No,No,Yes,No,No,Yes,No
Intensification,Yes,No,No,Yes,No,No,Yes,No
Succession: Post Fire Recovery,Yes,No,No,Yes,No,No,Yes,No
Urbanization,Yes,No,No,Yes,No,No,Yes,No
Ag Contraction Cropland: Alder/Maple Group [Type],Yes,No,No,No,No,No,No,No
Ag Contraction Cropland: Aspen/Birch Group [Type],Yes,No,No,No,No,No,No,No
Ag Contraction Cropland: California Mixed Conifer Group [Type],Yes,No,No,No,No,No,No,No
Ag Contraction Cropland: Douglas-fir Coastal Group [Type],Yes,No,No,No,No,No,No,No
Ag Contraction Cropland: Douglas-fir Inland Group [Type],Yes,No,No,No,No,No,No,No
Ag Contraction Cropland: Elm/Ash/Cottonwood Group [Type],Yes,No,No,No,No,No,No,No
Ag Contraction Cropland: Exotic Hardwoods Group [Type],Yes,No,No,No,No,No,No,No
Ag Contraction Cropland: Exotic Softwoods Group [Type],Yes,No,No,No,No,No,No,No
Ag Contraction Cropland: Fir/Spruce/Mountain Hemlock Group [Type],Yes,No,No,No,No,No,No,No
Ag Contraction Cropland: Grassland Annual [Type],Yes,No,No,No,No,No,No,No
Ag Contraction Cropland: Grassland Irrigated Perennial [Type],Yes,No,No,No,No,No,No,No
Ag Contraction Cropland: Grassland Natural Perennial [Type],Yes,No,No,No,No,No,No,No
Ag Contraction Cropland: Hemlock/Sitka Spruce Group [Type],Yes,No,No,No,No,No,No,No
Ag Contraction Cropland: Loblolly/Shortleaf Pine Group [Type],Yes,No,No,No,No,No,No,No
Ag Contraction Cropland: Lodgepole Pine Group [Type],Yes,No,No,No,No,No,No,No
Ag Contraction Cropland: Longleaf/Slash Pine Group [Type],Yes,No,No,No,No,No,No,No
Ag Contraction Cropland: Maple/Beech/Birch Group [Type],Yes,No,No,No,No,No,No,No
Ag Contraction Cropland: Oak/Gum/Cypress Group [Type],Yes,No,No,No,No,No,No,No
Ag Contraction Cropland: Oak/Hickory Group [Type],Yes,No,No,No,No,No,No,No
Ag Contraction Cropland: Oak/Pine Group [Type],Yes,No,No,No,No,No,No,No
Ag Contraction Cropland: Other Western Hardwoods Group [Type],Yes,No,No,No,No,No,No,No
Ag Contraction Cropland: Other Western Softwood Group [Type],Yes,No,No,No,No,No,No,No
Ag Contraction Cropland: Pinyon/Juniper Group [Type],Yes,No,No,No,No,No,No,No
Ag Contraction Cropland: Ponderosa Pine Group [Type],Yes,No,No,No,No,No,No,No
Ag Contraction Cropland: Redwood Group [Type],Yes,No,No,No,No,No,No,No
Ag Contraction Cropland: Shrubland Chaparral [Type],Yes,No,No,No,No,No,No,No
Ag Contraction Cropland: Shrubland Invaded Sage Steppe [Type],Yes,No,No,No,No,No,No,No
Ag Contraction Cropland: Shrubland Native Sage Steppe [Type],Yes,No,No,No,No,No,No,No
Ag Contraction Cropland: Shrubland Non-sage [Type],Yes,No,No,No,No,No,No,No
Ag Contraction Cropland: Shrubland Post Fire Shrub [Type],Yes,No,No,No,No,No,No,No
Ag Contraction Cropland: Shrubland Sage [Type],Yes,No,No,No,No,No,No,No
Ag Contraction Cropland: Spruce/Fir Group [Type],Yes,No,No,No,No,No,No,No
Ag Contraction Cropland: Tanoak/Laurel Group [Type],Yes,No,No,No,No,No,No,No
Ag Contraction Cropland: Tropical Hardwoods Group [Type],Yes,No,No,No,No,No,No,No
Ag Contraction Cropland: Western Larch Group [Type],Yes,No,No,No,No,No,No,No
Ag Contraction Cropland: Western Oak Group [Type],Yes,No,No,No,No,No,No,No
Ag Contraction Cropland: Western White Pine Group [Type],Yes,No,No,No,No,No,No,No
Ag Contraction Cropland: Wetland Estuarine Emergent [Type],Yes,No,No,No,No,No,No,No
Ag Contraction Cropland: Wetland Estuarine Forested [Type],Yes,No,No,No,No,No,No,No
Ag Contraction Cropland: Wetland Palustrine Emergent [Type],Yes,No,No,No,No,No,No,No
Ag Contraction Cropland: Wetland Palustrine Forested [Type],Yes,No,No,No,No,No,No,No
Ag Contraction Cropland: White/Red/Jack Pine Group [Type],Yes,No,No,No,No,No,No,No
Insect: High Severity [Type],Yes,No,No,No,No,No,No,No
Insect: Low Severity [Type],Yes,No,No,No,No,No,No,No
Insect: Medium Severity [Type],Yes,No,No,No,No,No,No,No
Intensification: Low to High [Type],Yes,No,No,No,No,No,No,No
Intensification: Low to Medium [Type],Yes,No,No,No,No,No,No,No
Intensification: Medium to High [Type],Yes,No,No,No,No,No,No,No
Intensification: Open to High [Type],Yes,No,No,No,No,No,No,No
Intensification: Open to Low [Type],Yes,No,No,No,No,No,No,No
Intensification: Open to Medium [Type],Yes,No,No,No,No,No,No,No
Succession Post Fire: Alder/Maple Group [Type],Yes,No,No,No,No,No,No,No
Succession Post Fire: Aspen/Birch Group [Type],Yes,No,No,No,No,No,No,No
Succession Post Fire: California Mixed Conifer Group [Type],Yes,No,No,No,No,No,No,No
Succession Post Fire: Douglas-fir Coastal Group [Type],Yes,No,No,No,No,No,No,No
Succession Post Fire: Douglas-fir Inland Group [Type],Yes,No,No,No,No,No,No,No
Succession Post Fire: Elm/Ash/Cottonwood Group [Type],Yes,No,No,No,No,No,No,No
Succession Post Fire: Exotic Hardwoods Group [Type],Yes,No,No,No,No,No,No,No
Succession Post Fire: Exotic Softwoods Group [Type],Yes,No,No,No,No,No,No,No
Succession Post Fire: Fir/Spruce/Mountain Hemlock Group [Type],Yes,No,No,No,No,No,No,No
Succession Post Fire: Hemlock/Sitka Spruce Group [Type],Yes,No,No,No,No,No,No,No
Succession Post Fire: Loblolly/Shortleaf Pine Group [Type],Yes,No,No,No,No,No,No,No
Succession Post Fire: Lodgepole Pine Group [Type],Yes,No,No,No,No,No,No,No
Succession Post Fire: Longleaf/Slash Pine Group [Type],Yes,No,No,No,No,No,No,No
Succession Post Fire: Maple/Beech/Birch Group [Type],Yes,No,No,No,No,No,No,No
Succession Post Fire: Oak/Gum/Cypress Group [Type],Yes,No,No,No,No,No,No,No
Succession Post Fire: Oak/Hickory Group [Type],Yes,No,No,No,No,No,No,No
Succession Post Fire: Oak/Pine Group [Type],Yes,No,No,No,No,No,No,No
Succession Post Fire: Other Western Hardwoods Group [Type],Yes,No,No,No,No,No,No,No
Succession Post Fire: Other Western Softwood Group [Type],Yes,No,No,No,No,No,No,No
Succession Post Fire: Pinyon/Juniper Group [Type],Yes,No,No,No,No,No,No,No
Succession Post Fire: Ponderosa Pine Group [Type],Yes,No,No,No,No,No,No,No
Succession Post Fire: Redwood Group [Type],Yes,No,No,No,No,No,No,No
Succession Post Fire: Spruce/Fir Group [Type],Yes,No,No,No,No,No,No,No
Succession Post Fire: Tanoak/Laurel Group [Type],Yes,No,No,No,No,No,No,No
Succession Post Fire: Tropical Hardwoods Group [Type],Yes,No,No,No,No,No,No,No
Succession Post Fire: Western Larch Group [Type],Yes,No,No,No,No,No,No,No
Succession Post Fire: Western Oak Group [Type],Yes,No,No,No,No,No,No,No
Succession Post Fire: Western White Pine Group [Type],Yes,No,No,No,No,No,No,No
Succession Post Fire: White/Red/Jack Pine Group [Type],Yes,No,No,No,No,No,No,No
Urbanization: High [Type],Yes,No,No,No,No,No,No,No
Urbanization: Low [Type],Yes,No,No,No,No,No,No,No
Urbanization: Medium [Type],Yes,No,No,No,No,No,No,No
Urbanization: Open [Type],Yes,No,No,No,No,No,No,No
Ag Contraction Pasture: Alder/Maple Group [Type],Yes,No,No,No,No,No,No,No
Ag Contraction Pasture: Aspen/Birch Group [Type],Yes,No,No,No,No,No,No,No
Ag Contraction Pasture: California Mixed Conifer Group [Type],Yes,No,No,No,No,No,No,No
Ag Contraction Pasture: Douglas-fir Coastal Group [Type],Yes,No,No,No,No,No,No,No
Ag Contraction Pasture: Douglas-fir Inland Group [Type],Yes,No,No,No,No,No,No,No
Ag Contraction Pasture: Elm/Ash/Cottonwood Group [Type],Yes,No,No,No,No,No,No,No
Ag Contraction Pasture: Exotic Hardwoods Group [Type],Yes,No,No,No,No,No,No,No
Ag Contraction Pasture: Exotic Softwoods Group [Type],Yes,No,No,No,No,No,No,No
Ag Contraction Pasture: Fir/Spruce/Mountain Hemlock Group [Type],Yes,No,No,No,No,No,No,No
Ag Contraction Pasture: Grassland Annual [Type],Yes,No,No,No,No,No,No,No
Ag Contraction Pasture: Grassland Irrigated Perennial [Type],Yes,No,No,No,No,No,No,No
Ag Contraction Pasture: Grassland Natural Perennial [Type],Yes,No,No,No,No,No,No,No
Ag Contraction Pasture: Hemlock/Sitka Spruce Group [Type],Yes,No,No,No,No,No,No,No
Ag Contraction Pasture: Loblolly/Shortleaf Pine Group [Type],Yes,No,No,No,No,No,No,No
Ag Contraction Pasture: Lodgepole Pine Group [Type],Yes,No,No,No,No,No,No,No
Ag Contraction Pasture: Longleaf/Slash Pine Group [Type],Yes,No,No,No,No,No,No,No
Ag Contraction Pasture: Maple/Beech/Birch Group [Type],Yes,No,No,No,No,No,No,No
Ag Contraction Pasture: Oak/Gum/Cypress Group [Type],Yes,No,No,No,No,No,No,No
Ag Contraction Pasture: Oak/Hickory Group [Type],Yes,No,No,No,No,No,No,No
Ag Contraction Pasture: Oak/Pine Group [Type],Yes,No,No,No,No,No,No,No
Ag Contraction Pasture: Other Western Hardwoods Group [Type],Yes,No,No,No,No,No,No,No
Ag Contraction Pasture: Other Western Softwood Group [Type],Yes,No,No,No,No,No,No,No
Ag Contraction Pasture: Pinyon/Juniper Group [Type],Yes,No,No,No,No,No,No,No
Ag Contraction Pasture: Ponderosa Pine Group [Type],Yes,No,No,No,No,No,No,No
Ag Contraction Pasture: Redwood Group [Type],Yes,No,No,No,No,No,No,No
Ag Contraction Pasture: Shrubland Chaparral [Type],Yes,No,No,No,No,No,No,No
Ag Contraction Pasture: Shrubland Invaded Sage Steppe [Type],Yes,No,No,No,No,No,No,No
Ag Contraction Pasture: Shrubland Native Sage Steppe [Type],Yes,No,No,No,No,No,No,No
Ag Contraction Pasture: Shrubland Non-sage [Type],Yes,No,No,No,No,No,No,No
Ag Contraction Pasture: Shrubland Post Fire Shrub [Type],Yes,No,No,No,No,No,No,No
Ag Contraction Pasture: Shrubland Sage [Type],Yes,No,No,No,No,No,No,No
Ag Contraction Pasture: Spruce/Fir Group [Type],Yes,No,No,No,No,No,No,No
Ag Contraction Pasture: Tanoak/Laurel Group [Type],Yes,No,No,No,No,No,No,No
Ag Contraction Pasture: Tropical Hardwoods Group [Type],Yes,No,No,No,No,No,No,No
Ag Contraction Pasture: Western Larch Group [Type],Yes,No,No,No,No,No,No,No
Ag Contraction Pasture: Western Oak Group [Type],Yes,No,No,No,No,No,No,No
Ag Contraction Pasture: Western White Pine Group [Type],Yes,No,No,No,No,No,No,No
Ag Contraction Pasture: Wetland Estuarine Emergent [Type],Yes,No,No,No,No,No,No,No
Ag Contraction Pasture: Wetland Estuarine Forested [Type],Yes,No,No,No,No,No,No,No
Ag Contraction Pasture: Wetland Palustrine Emergent [Type],Yes,No,No,No,No,No,No,No
Ag Contraction Pasture: Wetland Palustrine Forested [Type],Yes,No,No,No,No,No,No,No
Ag Contraction Pasture: White/Red/Jack Pine Group [Type],Yes,No,No,No,No,No,No,No
Ag Contraction: Pasture,Yes,No,No,No,No,No,No,No
Ag Contraction: Cropland,Yes,No,No,No,No,No,No,No
