TransitionGroupID,StateClassID,StateAttributeTypeID,NeighborhoodRadius,UpdateFrequency
Ag Contraction Cropland: Alder/Maple Group [Type],Forest: Alder/Maple Group,,1500,20
Ag Contraction Cropland: Aspen/Birch Group [Type],Forest: Aspen/Birch Group,,1500,20
Ag Contraction Cropland: California Mixed Conifer Group [Type],Forest: California Mixed Conifer Group,,1500,20
Ag Contraction Cropland: Douglas-fir Coastal Group [Type],Forest: Douglas-fir Coastal Group,,1500,20
Ag Contraction Cropland: Douglas-fir Inland Group [Type],Forest: Douglas-fir Inland Group,,1500,20
Ag Contraction Cropland: Elm/Ash/Cottonwood Group [Type],Forest: Elm/Ash/Cottonwood Group,,1500,20
Ag Contraction Cropland: Exotic Hardwoods Group [Type],Forest: Exotic Hardwoods Group,,1500,20
Ag Contraction Cropland: Exotic Softwoods Group [Type],Forest: Exotic Softwoods Group,,1500,20
Ag Contraction Cropland: Fir/Spruce/Mountain Hemlock Group [Type],Forest: Fir/Spruce/Mountain Hemlock Group,,1500,20
Ag Contraction Cropland: Hemlock/Sitka Spruce Group [Type],Forest: Hemlock/Sitka Spruce Group,,1500,20
Ag Contraction Cropland: Loblolly/Shortleaf Pine Group [Type],Forest: Loblolly/Shortleaf Pine Group,,1500,20
Ag Contraction Cropland: Lodgepole Pine Group [Type],Forest: Lodgepole Pine Group,,1500,20
Ag Contraction Cropland: Longleaf/Slash Pine Group [Type],Forest: Longleaf/Slash Pine Group,,1500,20
Ag Contraction Cropland: Maple/Beech/Birch Group [Type],Forest: Maple/Beech/Birch Group,,1500,20
Ag Contraction Cropland: Oak/Gum/Cypress Group [Type],Forest: Oak/Gum/Cypress Group,,1500,20
Ag Contraction Cropland: Oak/Hickory Group [Type],Forest: Oak/Hickory Group,,1500,20
Ag Contraction Cropland: Oak/Pine Group [Type],Forest: Oak/Pine Group,,1500,20
Ag Contraction Cropland: Other Western Hardwoods Group [Type],Forest: Other Western Hardwoods Group,,1500,20
Ag Contraction Cropland: Other Western Softwood Group [Type],Forest: Other Western Softwood Group,,1500,20
Ag Contraction Cropland: Pinyon/Juniper Group [Type],Forest: Pinyon/Juniper Group,,1500,20
Ag Contraction Cropland: Ponderosa Pine Group [Type],Forest: Ponderosa Pine Group,,1500,20
Ag Contraction Cropland: Redwood Group [Type],Forest: Redwood Group,,1500,20
Ag Contraction Cropland: Spruce/Fir Group [Type],Forest: Spruce/Fir Group,,1500,20
Ag Contraction Cropland: Tanoak/Laurel Group [Type],Forest: Tanoak/Laurel Group,,1500,20
Ag Contraction Cropland: Tropical Hardwoods Group [Type],Forest: Tropical Hardwoods Group,,1500,20
Ag Contraction Cropland: Western Larch Group [Type],Forest: Western Larch Group,,1500,20
Ag Contraction Cropland: Western Oak Group [Type],Forest: Western Oak Group,,1500,20
Ag Contraction Cropland: Western White Pine Group [Type],Forest: Western White Pine Group,,1500,20
Ag Contraction Cropland: White/Red/Jack Pine Group [Type],Forest: White/Red/Jack Pine Group,,1500,20
Ag Contraction Cropland: Grassland Annual [Type],Grassland: Annual,,1500,20
Ag Contraction Cropland: Grassland Irrigated Perennial [Type],Grassland: Irrigated Perennial,,1500,20
Ag Contraction Cropland: Grassland Natural Perennial [Type],Grassland: Natural Perennial,,1500,20
Ag Contraction Cropland: Shrubland Chaparral [Type],Shrubland: Chaparral,,1500,20
Ag Contraction Cropland: Shrubland Invaded Sage Steppe [Type],Shrubland: Invaded Sage Steppe,,1500,20
Ag Contraction Cropland: Shrubland Native Sage Steppe [Type],Shrubland: Native Sage Steppe,,1500,20
Ag Contraction Cropland: Shrubland Non-sage [Type],Shrubland: Non-sage,,1500,20
Ag Contraction Cropland: Shrubland Post Fire Shrub [Type],Shrubland: Post Fire Shrub,,1500,20
Ag Contraction Cropland: Shrubland Sage [Type],Shrubland: Sage,,1500,20
Ag Contraction Cropland: Wetland Estuarine Emergent [Type],Wetland: Estuarine Emergent,,1500,20
Ag Contraction Cropland: Wetland Estuarine Forested [Type],Wetland: Estuarine Forested,,1500,20
Ag Contraction Cropland: Wetland Palustrine Emergent [Type],Wetland: Palustrine Emergent,,1500,20
Ag Contraction Cropland: Wetland Palustrine Forested [Type],Wetland: Palustrine Forested,,1500,20
Ag Contraction Pasture: Alder/Maple Group [Type],Forest: Alder/Maple Group,,1500,20
Ag Contraction Pasture: Aspen/Birch Group [Type],Forest: Aspen/Birch Group,,1500,20
Ag Contraction Pasture: California Mixed Conifer Group [Type],Forest: California Mixed Conifer Group,,1500,20
Ag Contraction Pasture: Douglas-fir Coastal Group [Type],Forest: Douglas-fir Coastal Group,,1500,20
Ag Contraction Pasture: Douglas-fir Inland Group [Type],Forest: Douglas-fir Inland Group,,1500,20
Ag Contraction Pasture: Elm/Ash/Cottonwood Group [Type],Forest: Elm/Ash/Cottonwood Group,,1500,20
Ag Contraction Pasture: Exotic Hardwoods Group [Type],Forest: Exotic Hardwoods Group,,1500,20
Ag Contraction Pasture: Exotic Softwoods Group [Type],Forest: Exotic Softwoods Group,,1500,20
Ag Contraction Pasture: Fir/Spruce/Mountain Hemlock Group [Type],Forest: Fir/Spruce/Mountain Hemlock Group,,1500,20
Ag Contraction Pasture: Grassland Annual [Type],Grassland: Annual,,1500,20
Ag Contraction Pasture: Grassland Irrigated Perennial [Type],Grassland: Irrigated Perennial,,1500,20
Ag Contraction Pasture: Grassland Natural Perennial [Type],Grassland: Natural Perennial,,1500,20
Ag Contraction Pasture: Hemlock/Sitka Spruce Group [Type],Forest: Hemlock/Sitka Spruce Group,,1500,20
Ag Contraction Pasture: Loblolly/Shortleaf Pine Group [Type],Forest: Loblolly/Shortleaf Pine Group,,1500,20
Ag Contraction Pasture: Lodgepole Pine Group [Type],Forest: Lodgepole Pine Group,,1500,20
Ag Contraction Pasture: Longleaf/Slash Pine Group [Type],Forest: Longleaf/Slash Pine Group,,1500,20
Ag Contraction Pasture: Maple/Beech/Birch Group [Type],Forest: Maple/Beech/Birch Group,,1500,20
Ag Contraction Pasture: Oak/Gum/Cypress Group [Type],Forest: Oak/Gum/Cypress Group,,1500,20
Ag Contraction Pasture: Oak/Hickory Group [Type],Forest: Oak/Hickory Group,,1500,20
Ag Contraction Pasture: Oak/Pine Group [Type],Forest: Oak/Pine Group,,1500,20
Ag Contraction Pasture: Other Western Hardwoods Group [Type],Forest: Other Western Hardwoods Group,,1500,20
Ag Contraction Pasture: Other Western Softwood Group [Type],Forest: Other Western Softwood Group,,1500,20
Ag Contraction Pasture: Pinyon/Juniper Group [Type],Forest: Pinyon/Juniper Group,,1500,20
Ag Contraction Pasture: Ponderosa Pine Group [Type],Forest: Ponderosa Pine Group,,1500,20
Ag Contraction Pasture: Redwood Group [Type],Forest: Redwood Group,,1500,20
Ag Contraction Pasture: Shrubland Chaparral [Type],Shrubland: Chaparral,,1500,20
Ag Contraction Pasture: Shrubland Invaded Sage Steppe [Type],Shrubland: Invaded Sage Steppe,,1500,20
Ag Contraction Pasture: Shrubland Native Sage Steppe [Type],Shrubland: Native Sage Steppe,,1500,20
Ag Contraction Pasture: Shrubland Non-sage [Type],Shrubland: Non-sage,,1500,20
Ag Contraction Pasture: Shrubland Post Fire Shrub [Type],Shrubland: Post Fire Shrub,,1500,20
Ag Contraction Pasture: Shrubland Sage [Type],Shrubland: Sage,,1500,20
Ag Contraction Pasture: Spruce/Fir Group [Type],Forest: Spruce/Fir Group,,1500,20
Ag Contraction Pasture: Tanoak/Laurel Group [Type],Forest: Tanoak/Laurel Group,,1500,20
Ag Contraction Pasture: Tropical Hardwoods Group [Type],Forest: Tropical Hardwoods Group,,1500,20
Ag Contraction Pasture: Western Larch Group [Type],Forest: Western Larch Group,,1500,20
Ag Contraction Pasture: Western Oak Group [Type],Forest: Western Oak Group,,1500,20
Ag Contraction Pasture: Western White Pine Group [Type],Forest: Western White Pine Group,,1500,20
Ag Contraction Pasture: Wetland Estuarine Emergent [Type],Wetland: Estuarine Emergent,,1500,20
Ag Contraction Pasture: Wetland Estuarine Forested [Type],Wetland: Estuarine Forested,,1500,20
Ag Contraction Pasture: Wetland Palustrine Emergent [Type],Wetland: Palustrine Emergent,,1500,20
Ag Contraction Pasture: Wetland Palustrine Forested [Type],Wetland: Palustrine Forested,,1500,20
Ag Contraction Pasture: White/Red/Jack Pine Group [Type],Forest: White/Red/Jack Pine Group,,1500,20
Ag Expansion: Cropland [Type],Agriculture: Cropland,,1500,20
Ag Expansion: Pasture [Type],Agriculture: Pasture,,1500,20
Intensification: Low to High [Type],Developed: High Intensity,,1500,5
Intensification: Low to Medium [Type],Developed: Medium Intensity,,1500,5
Intensification: Medium to High [Type],Developed: High Intensity,,1500,5
Intensification: Open to High [Type],Developed: High Intensity,,1500,5
Intensification: Open to Low [Type],Developed: Low Intensity,,1500,5
Intensification: Open to Medium [Type],Developed: Medium Intensity,,1500,5
Succession Post Fire: Alder/Maple Group [Type],Forest: Alder/Maple Group,,1500,20
Succession Post Fire: Aspen/Birch Group [Type],Forest: Aspen/Birch Group,,1500,20
Succession Post Fire: California Mixed Conifer Group [Type],Forest: California Mixed Conifer Group,,1500,20
Succession Post Fire: Douglas-fir Coastal Group [Type],Forest: Douglas-fir Coastal Group,,1500,20
Succession Post Fire: Douglas-fir Inland Group [Type],Forest: Douglas-fir Inland Group,,1500,20
Succession Post Fire: Elm/Ash/Cottonwood Group [Type],Forest: Elm/Ash/Cottonwood Group,,1500,20
Succession Post Fire: Exotic Hardwoods Group [Type],Forest: Exotic Hardwoods Group,,1500,20
Succession Post Fire: Exotic Softwoods Group [Type],Forest: Exotic Softwoods Group,,1500,20
Succession Post Fire: Fir/Spruce/Mountain Hemlock Group [Type],Forest: Fir/Spruce/Mountain Hemlock Group,,1500,20
Succession Post Fire: Hemlock/Sitka Spruce Group [Type],Forest: Hemlock/Sitka Spruce Group,,1500,20
Succession Post Fire: Loblolly/Shortleaf Pine Group [Type],Forest: Loblolly/Shortleaf Pine Group,,1500,20
Succession Post Fire: Lodgepole Pine Group [Type],Forest: Lodgepole Pine Group,,1500,20
Succession Post Fire: Longleaf/Slash Pine Group [Type],Forest: Longleaf/Slash Pine Group,,1500,20
Succession Post Fire: Maple/Beech/Birch Group [Type],Forest: Maple/Beech/Birch Group,,1500,20
Succession Post Fire: Oak/Gum/Cypress Group [Type],Forest: Oak/Gum/Cypress Group,,1500,20
Succession Post Fire: Oak/Hickory Group [Type],Forest: Oak/Hickory Group,,1500,20
Succession Post Fire: Oak/Pine Group [Type],Forest: Oak/Pine Group,,1500,20
Succession Post Fire: Other Western Hardwoods Group [Type],Forest: Other Western Hardwoods Group,,1500,20
Succession Post Fire: Other Western Softwood Group [Type],Forest: Other Western Softwood Group,,1500,20
Succession Post Fire: Pinyon/Juniper Group [Type],Forest: Pinyon/Juniper Group,,1500,20
Succession Post Fire: Ponderosa Pine Group [Type],Forest: Ponderosa Pine Group,,1500,20
Succession Post Fire: Redwood Group [Type],Forest: Redwood Group,,1500,20
Succession Post Fire: Spruce/Fir Group [Type],Forest: Spruce/Fir Group,,1500,20
Succession Post Fire: Tanoak/Laurel Group [Type],Forest: Tanoak/Laurel Group,,1500,20
Succession Post Fire: Tropical Hardwoods Group [Type],Forest: Tropical Hardwoods Group,,1500,20
Succession Post Fire: Western Larch Group [Type],Forest: Western Larch Group,,1500,20
Succession Post Fire: Western Oak Group [Type],Forest: Western Oak Group,,1500,20
Succession Post Fire: Western White Pine Group [Type],Forest: Western White Pine Group,,1500,20
Succession Post Fire: White/Red/Jack Pine Group [Type],Forest: White/Red/Jack Pine Group,,1500,20
Urbanization: High [Type],Developed: High Intensity,,1500,5
Urbanization: Low [Type],Developed: Low Intensity,,1500,5
Urbanization: Medium [Type],Developed: Medium Intensity,,1500,5
Urbanization: Open [Type],Developed: Open Space,,1500,5
