estuary,plot,bd,moist,som
Grand_Bay,1,1.43,23.48,1.80
Grand_Bay,2,1.11,31.89,2.71
Grand_Bay,3,1.00,36.15,2.95
Grand_Bay,4,0.87,40.01,3.30
Grand_Bay,5,0.86,42.32,4.11
Grand_Bay,6,0.86,43.48,5.20
Grand_Bay,7,0.33,71.66,19.24
Grand_Bay,8,0.29,75.42,24.39
Grand_Bay,9,0.66,50.93,6.61
Grand_Bay,10,0.51,58.04,8.21
Grand_Bay,11,0.47,61.35,12.50
Grand_Bay,12,0.47,60.97,11.15
Grand_Bay,13,0.46,61.24,12.28
Grand_Bay,14,0.37,65.77,14.83
Grand_Bay,15,0.45,64.45,14.66
Grand_Bay,16,0.69,51.57,5.70
Grand_Bay,17,0.59,55.64,8.12
Grand_Bay,18,0.42,63.36,16.67
Grand_Bay,19,0.43,64.20,12.76
Grand_Bay,20,0.46,63.07,13.00
Grand_Bay,21,0.29,73.50,26.67
Grand_Bay,22,0.40,66.20,14.81
Grand_Bay,23,0.67,50.36,7.00
Grand_Bay,24,0.46,60.36,9.84
Grand_Bay,25,0.37,61.99,12.00
Grand_Bay,26,0.72,47.17,7.25
Grand_Bay,27,0.75,44.97,9.09
Grand_Bay,28,0.74,47.67,7.00
Grand_Bay,29,0.86,41.65,6.16
Grand_Bay,30,1.28,25.80,1.92
Grand_Bay,31,1.42,22.97,0.98
Grand_Bay,32,1.34,22.81,1.46
Grand_Bay,33,1.41,22.89,2.96
Grand_Bay,34,1.41,23.49,1.52
Grand_Bay,35,1.56,22.71,2.59
Grand_Bay,36,1.64,16.59,1.57
Grand_Bay,37,1.30,23.43,2.07
Grand_Bay,38,1.22,28.09,2.50
Grand_Bay,39,0.76,45.51,9.41
Grand_Bay,40,0.95,38.93,5.82
Grand_Bay,41,1.20,31.09,3.47
Grand_Bay,42,0.98,38.84,4.04
Grand_Bay,43,0.83,45.87,5.53
Grand_Bay,44,0.42,62.88,11.98
Grand_Bay,45,0.40,62.60,11.37
Grand_Bay,46,1.03,35.49,4.62
Grand_Bay,47,1.00,37.61,4.50
Grand_Bay,48,0.99,38.49,4.95
Grand_Bay,49,0.93,37.11,4.17
Grand_Bay,50,0.91,39.13,4.66
Grand_Bay,51,0.79,42.03,4.98
Grand_Bay,52,0.86,40.62,5.29
Grand_Bay,53,0.97,37.13,4.95
Grand_Bay,54,0.98,36.71,3.98
Grand_Bay,55,0.89,39.70,4.74
Grand_Bay,56,0.78,43.31,8.08
Grand_Bay,57,0.61,43.15,10.05
Grand_Bay,58,0.54,56.90,8.67
Grand_Bay,59,0.44,62.69,13.27
Grand_Bay,60,0.34,69.91,16.67
Grand_Bay,61,0.30,72.40,21.65
Grand_Bay,62,0.35,68.17,14.36
Grand_Bay,63,0.40,67.88,16.67
Grand_Bay,64,0.36,67.03,16.24
Grand_Bay,65,0.99,33.96,2.99
Grand_Bay,66,1.35,22.44,2.03
Grand_Bay,67,1.03,30.40,4.17
Grand_Bay,68,0.91,31.52,4.48
Grand_Bay,69,0.79,36.46,6.77
Grand_Bay,70,1.08,22.01,2.91
Grand_Bay,71,0.25,76.05,28.34
Grand_Bay,72,0.35,70.21,16.33
Grand_Bay,73,0.35,69.41,18.32
Grand_Bay,74,0.55,58.93,11.11
Grand_Bay,75,0.39,67.28,16.84
Grand_Bay,76,0.87,41.08,6.77
Grand_Bay,77,1.40,24.28,2.01
Grand_Bay,78,1.35,24.13,2.45
Grand_Bay,79,1.32,24.74,2.53
Grand_Bay,80,1.54,17.37,1.51
Grand_Bay,81,1.62,16.90,1.53
Grand_Bay,82,1.37,20.93,2.55
Grand_Bay,83,1.20,25.51,4.55
Grand_Bay,84,1.02,33.68,6.50
Grand_Bay,85,0.85,39.34,7.11
Grand_Bay,86,1.06,33.94,6.06
Grand_Bay,87,0.89,38.91,7.66
Grand_Bay,88,1.12,31.96,4.95
Grand_Bay,89,0.46,61.68,16.43
Grand_Bay,90,0.22,78.59,36.79
Mission_Aransas_Bay,1,1.39,20.39,0.48
Mission_Aransas_Bay,2,1.50,21.45,0.51
Mission_Aransas_Bay,3,1.34,20.96,0.50
Mission_Aransas_Bay,4,1.01,34.96,2.60
Mission_Aransas_Bay,5,0.73,46.01,5.45
Mission_Aransas_Bay,6,0.59,53.74,9.60
Mission_Aransas_Bay,7,0.62,51.63,8.50
Mission_Aransas_Bay,8,1.09,30.84,2.53
Mission_Aransas_Bay,9,1.11,32.89,2.58
Mission_Aransas_Bay,10,0.92,42.32,5.08
Mission_Aransas_Bay,11,0.91,39.92,4.06
Mission_Aransas_Bay,12,1.05,33.61,2.59
Mission_Aransas_Bay,13,1.02,34.64,2.96
Mission_Aransas_Bay,14,1.11,31.59,3.13
Mission_Aransas_Bay,15,1.27,25.04,1.49
Mission_Aransas_Bay,16,1.22,25.03,1.01
Mission_Aransas_Bay,17,1.18,27.27,1.99
Mission_Aransas_Bay,18,1.16,27.98,2.56
Mission_Aransas_Bay,19,0.89,37.85,4.04
Mission_Aransas_Bay,20,1.19,30.36,2.55
Mission_Aransas_Bay,21,1.13,31.28,3.19
Mission_Aransas_Bay,22,1.10,34.54,3.45
Mission_Aransas_Bay,23,1.20,25.72,1.50
Mission_Aransas_Bay,24,1.03,31.39,2.03
Mission_Aransas_Bay,25,1.00,34.51,3.06
Mission_Aransas_Bay,26,0.92,38.56,4.52
Mission_Aransas_Bay,27,0.91,37.27,4.17
Mission_Aransas_Bay,28,1.12,29.15,1.51
Mission_Aransas_Bay,29,0.72,45.22,4.00
Mission_Aransas_Bay,30,0.97,36.74,3.45
Mission_Aransas_Bay,31,0.91,37.11,4.71
Mission_Aransas_Bay,32,0.94,37.17,3.94
Mission_Aransas_Bay,33,0.54,48.15,5.10
Mission_Aransas_Bay,34,0.43,60.11,8.95
Mission_Aransas_Bay,35,0.60,55.48,9.42
Mission_Aransas_Bay,36,0.59,55.59,11.33
Mission_Aransas_Bay,37,0.57,53.46,10.89
Mission_Aransas_Bay,38,0.83,43.74,4.48
Mission_Aransas_Bay,39,1.02,34.61,2.55
Mission_Aransas_Bay,40,1.00,37.90,3.57
Mission_Aransas_Bay,41,0.92,39.49,3.65
Mission_Aransas_Bay,42,0.95,36.16,5.05
Mission_Aransas_Bay,43,0.86,41.48,5.03
Mission_Aransas_Bay,44,0.81,40.59,4.50
Mission_Aransas_Bay,45,0.78,41.99,4.66
Mission_Aransas_Bay,46,0.69,50.92,7.32
Mission_Aransas_Bay,47,0.55,55.54,9.31
Mission_Aransas_Bay,48,0.51,58.44,10.88
Mission_Aransas_Bay,49,0.46,59.74,11.40
Mission_Aransas_Bay,50,0.51,58.81,10.58
Mission_Aransas_Bay,51,0.47,58.69,9.50
Mission_Aransas_Bay,52,0.56,55.74,9.60
Mission_Aransas_Bay,53,0.80,40.39,6.63
Mission_Aransas_Bay,54,0.77,39.48,6.40
Mission_Aransas_Bay,55,0.78,43.69,7.28
Mission_Aransas_Bay,56,1.01,33.69,5.97
Mission_Aransas_Bay,57,1.23,29.84,5.37
Mission_Aransas_Bay,58,1.29,25.21,4.69
Mission_Aransas_Bay,59,1.20,26.65,4.43
Mission_Aransas_Bay,60,1.23,25.19,4.41
Mission_Aransas_Bay,61,1.26,25.94,5.18
Mission_Aransas_Bay,62,1.11,29.79,6.53
Mission_Aransas_Bay,63,1.05,23.79,5.97
Mission_Aransas_Bay,64,0.83,20.44,8.54
Mission_Aransas_Bay,65,1.12,12.34,6.86
Mission_Aransas_Bay,66,0.72,49.93,5.79
Mission_Aransas_Bay,67,0.57,50.63,7.89
Mission_Aransas_Bay,68,0.54,54.92,9.18
Mission_Aransas_Bay,69,0.62,48.93,8.67
Mission_Aransas_Bay,70,0.63,49.65,9.41
Mission_Aransas_Bay,71,0.77,46.15,7.58
Mission_Aransas_Bay,72,0.88,39.13,5.64
Mission_Aransas_Bay,73,1.10,27.06,4.48
Mission_Aransas_Bay,74,1.52,19.61,3.92
Mission_Aransas_Bay,75,1.50,18.30,4.48
Mission_Aransas_Bay,76,1.50,18.20,4.50
Mission_Aransas_Bay,77,1.38,18.16,5.56
Mission_Aransas_Bay,78,1.49,19.41,4.69
Mission_Aransas_Bay,79,0.52,58.64,7.53
Mission_Aransas_Bay,80,0.60,54.69,7.50
Mission_Aransas_Bay,81,0.57,53.65,7.88
Mission_Aransas_Bay,82,0.59,49.09,8.37
Mission_Aransas_Bay,83,0.61,49.67,9.23
Mission_Aransas_Bay,84,0.71,49.99,9.84
Mission_Aransas_Bay,85,0.65,51.39,10.05
Mission_Aransas_Bay,86,0.63,52.14,10.40
Mission_Aransas_Bay,87,0.79,45.57,7.07
Lower_Laguna_Madre,1,1.03,29.61,2.42
Lower_Laguna_Madre,2,1.12,30.71,3.05
Lower_Laguna_Madre,3,1.05,34.21,3.48
Lower_Laguna_Madre,4,1.07,32.27,3.50
Lower_Laguna_Madre,5,1.09,34.57,4.57
Lower_Laguna_Madre,6,1.12,33.98,5.21
Lower_Laguna_Madre,7,0.94,34.78,4.41
Lower_Laguna_Madre,8,1.01,33.25,6.03
Lower_Laguna_Madre,9,1.07,30.35,5.34
Lower_Laguna_Madre,10,1.19,29.99,5.21
Lower_Laguna_Madre,11,1.08,31.41,5.13
Lower_Laguna_Madre,12,1.21,29.78,5.64
Lower_Laguna_Madre,13,1.13,29.07,4.98
Lower_Laguna_Madre,14,1.15,28.36,5.56
Lower_Laguna_Madre,15,1.35,28.85,6.09
Lower_Laguna_Madre,16,1.40,25.47,6.67
Lower_Laguna_Madre,17,1.13,29.34,5.77
Lower_Laguna_Madre,18,1.21,30.27,4.90
Lower_Laguna_Madre,19,1.21,28.08,5.64
Lower_Laguna_Madre,20,1.23,26.79,6.67
Lower_Laguna_Madre,21,1.19,27.34,6.67
Lower_Laguna_Madre,22,1.36,24.15,5.76
Lower_Laguna_Madre,23,1.25,26.99,6.03
Lower_Laguna_Madre,24,1.13,27.33,6.63
Lower_Laguna_Madre,25,0.96,29.83,5.85
Lower_Laguna_Madre,26,1.16,27.90,5.10
Lower_Laguna_Madre,27,0.90,31.40,5.47
Lower_Laguna_Madre,28,1.44,25.61,5.39
Lower_Laguna_Madre,29,1.36,26.04,2.54
Lower_Laguna_Madre,30,1.26,27.75,2.94
Lower_Laguna_Madre,31,1.32,27.73,3.09
Lower_Laguna_Madre,32,1.33,25.98,3.02
Lower_Laguna_Madre,33,1.40,21.08,4.64
Lower_Laguna_Madre,34,1.51,20.21,7.22
Lower_Laguna_Madre,35,1.41,23.35,4.66
Lower_Laguna_Madre,36,1.25,21.91,3.92
Lower_Laguna_Madre,37,1.12,26.58,1.56
Lower_Laguna_Madre,38,1.26,26.03,2.02
Lower_Laguna_Madre,39,1.35,26.28,1.97
Lower_Laguna_Madre,40,1.39,25.55,2.03
Lower_Laguna_Madre,41,1.49,26.35,2.00
Lower_Laguna_Madre,42,1.33,26.52,1.50
Lower_Laguna_Madre,43,1.25,27.77,2.07
Lower_Laguna_Madre,44,1.04,36.01,3.03
Lower_Laguna_Madre,45,0.76,46.11,5.77
Lower_Laguna_Madre,46,0.99,36.54,2.97
Lower_Laguna_Madre,47,0.68,50.15,8.46
Lower_Laguna_Madre,48,1.24,28.34,2.39
Lower_Laguna_Madre,49,1.29,26.32,1.52
Lower_Laguna_Madre,50,1.26,26.33,1.57
Lower_Laguna_Madre,51,1.44,24.89,1.98
Lower_Laguna_Madre,52,1.41,24.85,1.99
Lower_Laguna_Madre,53,1.44,11.33,3.45
Lower_Laguna_Madre,54,0.49,55.94,11.44
Lower_Laguna_Madre,55,0.70,46.34,9.84
Lower_Laguna_Madre,56,0.77,45.99,11.68
Lower_Laguna_Madre,57,0.76,41.77,8.04
Lower_Laguna_Madre,58,0.82,38.15,7.07
Lower_Laguna_Madre,59,0.92,39.11,6.97
Lower_Laguna_Madre,60,1.09,34.38,6.38
Lower_Laguna_Madre,61,1.11,33.42,6.74
Lower_Laguna_Madre,62,1.19,28.77,4.66
Lower_Laguna_Madre,63,1.25,27.66,6.32
Lower_Laguna_Madre,64,1.25,24.82,1.59
Lower_Laguna_Madre,65,1.22,26.86,1.50
Lower_Laguna_Madre,66,0.97,31.31,2.49
Lower_Laguna_Madre,67,0.89,40.54,4.85
Lower_Laguna_Madre,68,0.72,45.60,2.65
Lower_Laguna_Madre,69,0.79,42.90,4.12
Lower_Laguna_Madre,70,0.77,43.48,6.19
Lower_Laguna_Madre,71,1.05,31.53,3.50
Lower_Laguna_Madre,72,1.17,30.47,3.00
Lower_Laguna_Madre,73,1.16,29.39,2.99
Lower_Laguna_Madre,74,1.31,26.22,4.52
Lower_Laguna_Madre,75,1.25,26.00,2.91
Lower_Laguna_Madre,76,1.42,21.71,2.90
Lower_Laguna_Madre,77,0.16,83.58,21.81
Lower_Laguna_Madre,78,0.16,83.68,31.44
Lower_Laguna_Madre,79,0.54,54.81,13.68
Lower_Laguna_Madre,80,0.60,45.96,7.32
Lower_Laguna_Madre,81,0.83,42.06,8.37
Lower_Laguna_Madre,82,0.74,44.48,9.14
Lower_Laguna_Madre,83,0.75,44.94,7.84
Lower_Laguna_Madre,84,0.92,39.77,6.03
Lower_Laguna_Madre,85,0.89,40.18,7.07
Lower_Laguna_Madre,86,0.95,39.35,6.93
Lower_Laguna_Madre,87,0.69,47.22,10.20
Lower_Laguna_Madre,88,0.73,47.27,10.14
Lower_Laguna_Madre,89,1.11,32.17,5.00
Lower_Laguna_Madre,90,0.96,34.28,7.58
Lower_Laguna_Madre,91,1.09,28.02,4.59
Lower_Laguna_Madre,92,1.06,26.38,4.12
Lower_Laguna_Madre,93,0.83,41.61,5.13
Lower_Laguna_Madre,94,1.02,36.33,4.43
Lower_Laguna_Madre,95,0.79,44.54,7.11
Lower_Laguna_Madre,96,1.00,37.54,5.67
Lower_Laguna_Madre,97,1.13,34.05,5.88
Lower_Laguna_Madre,98,1.09,32.79,5.50
Lower_Laguna_Madre,99,1.21,31.87,5.67
Lower_Laguna_Madre,100,1.09,32.22,5.50
Lower_Laguna_Madre,101,1.11,32.46,6.22
Lower_Laguna_Madre,102,1.35,27.50,4.98
Lower_Laguna_Madre,103,1.24,28.46,5.29
Lower_Laguna_Madre,104,1.65,16.99,2.51
Lower_Laguna_Madre,105,1.41,18.29,3.35
Lower_Laguna_Madre,106,1.55,17.31,3.06
Lower_Laguna_Madre,107,1.50,17.46,2.03
San_Antonio_Bay,1,1.23,27.04,2.80
San_Antonio_Bay,2,1.25,32.62,3.42
San_Antonio_Bay,3,1.20,31.93,3.64
San_Antonio_Bay,4,1.19,31.49,5.12
San_Antonio_Bay,5,1.05,33.46,6.64
San_Antonio_Bay,6,1.05,34.72,7.25
San_Antonio_Bay,7,1.14,35.03,7.14
San_Antonio_Bay,8,0.96,36.38,6.83
San_Antonio_Bay,9,0.85,42.52,10.13
San_Antonio_Bay,10,1.10,32.96,7.33
San_Antonio_Bay,11,1.31,28.22,3.73
San_Antonio_Bay,12,1.32,27.40,3.78
San_Antonio_Bay,13,1.43,24.66,3.17
San_Antonio_Bay,14,1.35,24.55,2.69
San_Antonio_Bay,15,1.39,25.05,2.18
San_Antonio_Bay,16,1.38,20.88,2.35
San_Antonio_Bay,17,1.53,20.37,1.79
San_Antonio_Bay,18,1.36,19.81,1.54
San_Antonio_Bay,19,1.41,20.25,1.70
San_Antonio_Bay,20,1.27,11.79,1.83
San_Antonio_Bay,21,1.27,10.59,1.30
San_Antonio_Bay,22,1.57,17.92,2.29
San_Antonio_Bay,23,1.39,25.85,1.30
San_Antonio_Bay,24,1.20,28.22,1.32
San_Antonio_Bay,25,1.19,28.03,2.60
San_Antonio_Bay,26,1.28,27.55,3.67
San_Antonio_Bay,27,1.28,30.43,3.48
San_Antonio_Bay,28,1.29,29.50,4.09
San_Antonio_Bay,29,1.09,35.92,7.27
San_Antonio_Bay,30,1.05,33.71,4.82
San_Antonio_Bay,31,1.16,33.31,2.13
San_Antonio_Bay,32,1.17,32.38,2.10
San_Antonio_Bay,33,1.22,30.57,2.70
San_Antonio_Bay,34,1.34,30.52,3.29
San_Antonio_Bay,35,1.32,25.09,3.01
San_Antonio_Bay,36,1.36,24.26,2.63
San_Antonio_Bay,37,1.05,36.43,3.77
San_Antonio_Bay,38,0.99,39.37,5.56
San_Antonio_Bay,39,0.72,46.47,7.66
San_Antonio_Bay,40,0.78,46.61,8.73
San_Antonio_Bay,41,0.81,44.25,8.15
San_Antonio_Bay,42,0.92,33.41,10.67
San_Antonio_Bay,43,0.93,38.19,11.71
San_Antonio_Bay,44,0.67,46.04,14.66
San_Antonio_Bay,45,0.75,44.24,10.71
San_Antonio_Bay,46,0.97,37.77,10.55
San_Antonio_Bay,47,0.90,39.42,9.52
San_Antonio_Bay,48,0.97,37.31,8.77
San_Antonio_Bay,49,1.08,34.14,6.33
San_Antonio_Bay,50,1.14,33.54,6.55
San_Antonio_Bay,51,1.05,24.67,6.38
San_Antonio_Bay,52,1.16,23.07,6.31
San_Antonio_Bay,53,1.32,22.98,6.20
San_Antonio_Bay,54,1.45,20.79,8.85
San_Antonio_Bay,55,1.18,25.86,7.93
San_Antonio_Bay,56,1.18,26.71,6.93
San_Antonio_Bay,57,1.33,26.27,5.71
San_Antonio_Bay,58,1.25,31.09,7.05
San_Antonio_Bay,59,1.12,34.51,8.79
San_Antonio_Bay,60,1.10,34.00,8.37
San_Antonio_Bay,61,0.82,43.98,12.00
San_Antonio_Bay,62,1.17,32.76,9.70
San_Antonio_Bay,63,0.86,39.90,4.95
San_Antonio_Bay,64,0.42,60.90,12.34
San_Antonio_Bay,65,0.64,47.23,6.61
San_Antonio_Bay,66,1.15,31.66,4.78
San_Antonio_Bay,67,1.21,30.99,5.19
San_Antonio_Bay,68,1.08,32.30,6.61
San_Antonio_Bay,69,1.12,30.94,5.71
San_Antonio_Bay,70,1.26,24.93,6.33
San_Antonio_Bay,71,1.07,26.94,6.70
San_Antonio_Bay,72,1.24,26.29,7.20
San_Antonio_Bay,73,1.38,25.11,6.96
San_Antonio_Bay,74,1.22,27.18,6.51
San_Antonio_Bay,75,1.14,32.11,8.30
San_Antonio_Bay,76,1.26,28.05,7.36
San_Antonio_Bay,77,1.07,33.80,9.56
San_Antonio_Bay,78,1.04,34.69,10.48
San_Antonio_Bay,79,1.09,35.05,9.78
San_Antonio_Bay,80,1.07,35.38,8.89
San_Antonio_Bay,81,1.86,21.40,0.44
San_Antonio_Bay,82,1.25,26.18,1.90
San_Antonio_Bay,83,1.22,29.27,2.38
San_Antonio_Bay,84,1.03,32.07,3.41
San_Antonio_Bay,85,1.23,29.74,4.39
San_Antonio_Bay,86,0.98,39.50,7.60
San_Antonio_Bay,87,1.11,33.26,5.11
San_Antonio_Bay,88,1.53,22.29,2.83
San_Antonio_Bay,89,1.40,24.62,1.80
San_Antonio_Bay,90,1.41,25.40,1.84
San_Antonio_Bay,91,1.46,23.59,1.34
San_Antonio_Bay,92,1.36,26.73,1.76
San_Antonio_Bay,93,1.28,30.81,2.43
San_Antonio_Bay,94,1.32,29.94,2.11
San_Antonio_Bay,95,1.14,32.79,2.89
San_Antonio_Bay,96,1.12,32.75,3.11
San_Antonio_Bay,97,0.83,44.49,7.76
San_Antonio_Bay,98,0.82,44.73,7.39
San_Antonio_Bay,99,0.87,42.15,6.96
San_Antonio_Bay,100,1.23,32.24,3.10
San_Antonio_Bay,101,0.91,36.70,2.26
San_Antonio_Bay,102,1.02,34.48,3.21
San_Antonio_Bay,103,1.05,31.34,2.53
San_Antonio_Bay,104,1.22,29.29,3.46
San_Antonio_Bay,105,1.14,33.15,4.10
San_Antonio_Bay,106,0.99,35.56,5.60
San_Antonio_Bay,107,0.69,49.35,10.89
San_Antonio_Bay,108,0.81,45.45,8.33
San_Antonio_Bay,109,1.08,34.60,4.51
San_Antonio_Bay,110,0.86,44.10,7.08
Upper_Laguna_Madre,1,1.55,21.02,0.84
Upper_Laguna_Madre,2,1.50,20.86,1.14
Upper_Laguna_Madre,3,1.47,22.09,1.83
Upper_Laguna_Madre,4,1.48,18.83,0.86
Upper_Laguna_Madre,5,1.47,5.69,0.81
Upper_Laguna_Madre,6,1.32,12.10,1.24
Upper_Laguna_Madre,7,1.23,10.14,1.22
Upper_Laguna_Madre,8,1.11,11.73,2.13
Upper_Laguna_Madre,9,1.35,1.49,0.87
Upper_Laguna_Madre,10,1.35,4.92,1.28
Upper_Laguna_Madre,11,1.04,7.56,1.34
Upper_Laguna_Madre,12,1.39,18.48,1.33
Upper_Laguna_Madre,13,1.34,10.66,0.84
Upper_Laguna_Madre,14,1.22,10.05,1.24
Upper_Laguna_Madre,15,1.34,9.21,1.27
Upper_Laguna_Madre,16,1.27,7.61,0.85
Upper_Laguna_Madre,17,1.56,16.52,1.58
Upper_Laguna_Madre,18,1.59,18.12,1.55
Upper_Laguna_Madre,19,1.47,12.80,1.57
Upper_Laguna_Madre,20,1.52,13.22,1.31
Upper_Laguna_Madre,21,1.46,14.78,1.63
Upper_Laguna_Madre,22,1.55,6.63,0.81
Upper_Laguna_Madre,23,1.35,10.55,1.65
Upper_Laguna_Madre,24,1.44,11.68,0.84
Upper_Laguna_Madre,25,1.48,10.78,1.24
Upper_Laguna_Madre,26,1.33,6.42,1.51
Upper_Laguna_Madre,27,1.43,12.30,1.20
Upper_Laguna_Madre,28,1.42,15.44,2.12
Upper_Laguna_Madre,29,1.40,23.66,1.52
Upper_Laguna_Madre,30,0.82,37.79,2.56
Upper_Laguna_Madre,31,1.07,32.09,3.50
Upper_Laguna_Madre,32,1.14,31.57,3.27
Upper_Laguna_Madre,33,1.20,30.18,2.95
Upper_Laguna_Madre,34,1.06,34.58,5.16
Upper_Laguna_Madre,35,1.12,29.41,4.30
Upper_Laguna_Madre,36,1.30,22.83,2.45
Upper_Laguna_Madre,37,1.41,20.87,1.69
Upper_Laguna_Madre,38,1.48,19.88,1.58
Upper_Laguna_Madre,39,1.61,18.24,1.74
Upper_Laguna_Madre,40,1.55,16.96,1.61
Upper_Laguna_Madre,41,1.62,15.85,1.54
Upper_Laguna_Madre,42,1.67,16.50,1.71
Upper_Laguna_Madre,43,1.37,22.30,2.40
Upper_Laguna_Madre,44,0.91,35.90,3.92
Upper_Laguna_Madre,45,0.82,38.31,5.28
Upper_Laguna_Madre,46,1.06,30.85,3.03
Upper_Laguna_Madre,47,1.11,30.10,3.60
Upper_Laguna_Madre,48,1.25,24.29,2.18
Upper_Laguna_Madre,49,1.52,21.53,1.97
Upper_Laguna_Madre,50,1.32,22.41,1.95
Upper_Laguna_Madre,51,1.57,19.72,2.28
Upper_Laguna_Madre,52,1.44,20.85,1.95
Upper_Laguna_Madre,53,1.65,19.26,2.06
Upper_Laguna_Madre,54,1.58,15.27,1.90
Upper_Laguna_Madre,55,1.02,34.03,6.32
Upper_Laguna_Madre,56,1.05,31.75,5.49
Upper_Laguna_Madre,57,0.89,37.46,7.35
Upper_Laguna_Madre,58,1.31,22.73,3.62
Upper_Laguna_Madre,59,1.14,17.75,3.49
Upper_Laguna_Madre,60,1.20,27.47,4.74
Upper_Laguna_Madre,61,0.98,35.82,5.94
Upper_Laguna_Madre,62,0.97,37.17,5.62
Upper_Laguna_Madre,63,1.11,32.93,4.94
Upper_Laguna_Madre,64,1.04,34.01,4.62
Upper_Laguna_Madre,65,1.16,31.04,5.41
Upper_Laguna_Madre,66,1.23,28.65,4.60
Upper_Laguna_Madre,67,1.16,31.83,5.51
Upper_Laguna_Madre,68,1.12,33.11,5.31
Upper_Laguna_Madre,69,0.87,38.64,7.98
Upper_Laguna_Madre,70,1.05,31.94,7.02
Upper_Laguna_Madre,71,1.46,22.43,4.23
Upper_Laguna_Madre,72,1.51,20.36,4.45
Upper_Laguna_Madre,73,1.32,22.27,4.80
Upper_Laguna_Madre,74,1.72,14.95,3.47
Upper_Laguna_Madre,75,1.83,13.35,2.87
Upper_Laguna_Madre,76,1.57,14.33,3.61
Upper_Laguna_Madre,77,1.75,12.56,2.46
Upper_Laguna_Madre,78,1.60,6.87,1.49
Upper_Laguna_Madre,79,1.23,28.19,3.31
Upper_Laguna_Madre,80,1.24,28.68,3.72
Upper_Laguna_Madre,81,1.25,25.45,5.02
Upper_Laguna_Madre,82,1.26,24.82,5.06
Upper_Laguna_Madre,83,1.32,17.20,1.72
Upper_Laguna_Madre,84,1.19,12.93,2.92
Upper_Laguna_Madre,85,1.31,24.95,6.32
Upper_Laguna_Madre,86,1.16,26.33,5.51
Upper_Laguna_Madre,87,1.02,32.98,7.23
Upper_Laguna_Madre,88,1.11,29.19,9.09
Upper_Laguna_Madre,89,1.08,31.99,9.20
Upper_Laguna_Madre,90,1.41,25.81,1.15
Upper_Laguna_Madre,91,1.52,23.63,1.67
Upper_Laguna_Madre,92,1.31,26.54,1.87
Upper_Laguna_Madre,93,1.33,25.41,1.15
Upper_Laguna_Madre,94,1.33,23.80,1.17
Upper_Laguna_Madre,95,1.38,22.38,2.02
Upper_Laguna_Madre,96,1.50,18.03,1.24
Upper_Laguna_Madre,97,1.42,19.19,1.85
Upper_Laguna_Madre,98,1.62,19.13,1.70
Upper_Laguna_Madre,99,2.04,17.66,1.50
Upper_Laguna_Madre,100,1.99,17.89,1.99
Upper_Laguna_Madre,101,1.72,11.76,1.34
Upper_Laguna_Madre,102,1.83,15.55,1.19
Upper_Laguna_Madre,103,1.88,16.37,1.53
Upper_Laguna_Madre,104,1.60,16.22,2.02
Upper_Laguna_Madre,105,1.60,17.12,1.54
Upper_Laguna_Madre,106,1.47,16.92,3.16
Upper_Laguna_Madre,107,1.67,20.94,1.24
Upper_Laguna_Madre,108,1.69,18.35,1.18
Upper_Laguna_Madre,109,1.73,17.96,2.25
Upper_Laguna_Madre,110,1.49,20.34,1.69
Upper_Laguna_Madre,111,1.55,14.34,1.71
Upper_Laguna_Madre,112,1.88,23.49,3.57
Upper_Laguna_Madre,113,2.09,22.35,3.25
Upper_Laguna_Madre,114,1.98,18.61,2.70
Upper_Laguna_Madre,115,2.05,13.72,2.50
Upper_Laguna_Madre,116,1.80,11.18,3.16
Upper_Laguna_Madre,117,1.69,9.82,2.61
Upper_Laguna_Madre,118,1.70,5.00,2.99
Upper_Laguna_Madre,119,1.82,15.05,3.19
Upper_Laguna_Madre,120,2.04,14.41,4.37
Upper_Laguna_Madre,121,2.21,15.00,1.89
Upper_Laguna_Madre,122,1.87,26.19,5.14
Galveston_Bay,1,0.75,45.68,3.63
Galveston_Bay,2,0.72,48.48,3.85
Galveston_Bay,3,0.66,50.54,5.88
Galveston_Bay,4,0.63,55.08,7.36
Galveston_Bay,5,0.69,51.85,8.43
Galveston_Bay,6,0.66,52.06,7.73
Galveston_Bay,7,0.84,44.97,6.25
Galveston_Bay,8,0.94,37.73,6.67
Galveston_Bay,9,1.10,33.64,5.86
Galveston_Bay,10,1.20,26.71,3.70
Galveston_Bay,11,1.38,24.57,3.44
Galveston_Bay,12,1.32,26.16,3.94
Galveston_Bay,13,1.29,29.33,6.06
Galveston_Bay,14,1.23,30.32,6.77
Galveston_Bay,15,1.08,32.80,8.14
Galveston_Bay,16,1.10,33.25,7.94
Galveston_Bay,17,0.97,36.25,8.91
Galveston_Bay,18,0.57,54.47,18.82
Galveston_Bay,19,0.50,58.65,18.78
Galveston_Bay,20,0.42,63.10,22.55
Galveston_Bay,21,0.37,66.21,26.34
Galveston_Bay,22,0.43,63.05,21.80
Galveston_Bay,23,0.39,65.04,22.03
Galveston_Bay,24,0.43,61.74,20.40
Galveston_Bay,25,0.44,63.51,19.62
Galveston_Bay,26,0.43,62.29,19.70
Galveston_Bay,27,1.26,25.46,2.77
Galveston_Bay,28,1.54,22.75,3.03
Galveston_Bay,29,1.38,24.35,5.04
Galveston_Bay,30,1.37,22.71,3.97
Galveston_Bay,31,1.31,19.79,4.31
Galveston_Bay,32,1.22,26.23,7.94
Galveston_Bay,33,1.28,25.08,6.94
Galveston_Bay,34,1.52,19.70,3.33
Galveston_Bay,35,1.43,17.11,4.00
Galveston_Bay,36,1.64,16.91,4.40
Galveston_Bay,37,1.30,13.18,5.76
Galveston_Bay,38,1.39,10.97,5.18
Galveston_Bay,39,1.49,26.19,3.17
Galveston_Bay,40,1.41,27.68,2.94
Galveston_Bay,41,1.09,35.16,5.13
Galveston_Bay,42,0.88,41.69,6.72
Galveston_Bay,43,0.96,39.02,5.93
Galveston_Bay,44,0.79,43.07,8.40
Galveston_Bay,45,0.70,46.69,10.94
Galveston_Bay,46,0.80,43.15,11.11
Galveston_Bay,47,1.38,22.23,1.92
Galveston_Bay,48,1.24,25.61,1.53
Galveston_Bay,49,1.26,25.58,1.88
Galveston_Bay,50,1.23,25.58,2.06
Galveston_Bay,51,1.25,25.64,2.76
Galveston_Bay,52,1.34,23.47,2.30
Galveston_Bay,53,1.37,23.02,1.96
Galveston_Bay,54,1.30,25.85,2.18
Galveston_Bay,55,1.09,30.96,4.62
Galveston_Bay,56,1.01,30.09,5.64
Galveston_Bay,57,1.14,29.08,6.18
Galveston_Bay,58,0.63,23.33,13.41
Galveston_Bay,59,1.19,10.93,3.28
Galveston_Bay,60,1.04,8.02,3.98
Galveston_Bay,61,1.18,30.21,2.90
Galveston_Bay,62,1.04,35.95,4.58
Galveston_Bay,63,0.97,37.67,4.65
Galveston_Bay,64,1.05,36.12,4.03
Galveston_Bay,65,1.17,32.90,3.32
Galveston_Bay,66,1.23,28.61,3.48
Galveston_Bay,67,1.28,27.49,3.13
Galveston_Bay,68,1.15,26.87,4.15
Galveston_Bay,69,0.97,38.02,7.19
Galveston_Bay,70,1.01,36.96,6.74
Galveston_Bay,71,1.06,36.16,7.09
Galveston_Bay,72,0.96,37.42,7.52
Galveston_Bay,73,1.04,36.60,6.91
Galveston_Bay,74,0.95,38.31,7.17
Galveston_Bay,75,0.75,46.97,9.54
Galveston_Bay,76,0.68,49.76,8.92
Galveston_Bay,77,0.59,49.71,6.27
Galveston_Bay,78,0.51,59.94,11.24
Galveston_Bay,79,0.52,60.33,12.34
Galveston_Bay,80,0.61,54.95,9.85
Galveston_Bay,81,0.69,50.75,10.86
Galveston_Bay,82,0.51,58.40,11.87
Galveston_Bay,83,0.63,52.18,9.33
Galveston_Bay,84,0.74,46.26,7.84
Galveston_Bay,85,0.79,45.56,8.84
Galveston_Bay,86,1.10,33.10,3.70
Galveston_Bay,87,1.05,32.56,4.44
Galveston_Bay,88,1.25,28.55,2.72
Galveston_Bay,89,1.43,23.28,2.30
Galveston_Bay,90,1.58,19.84,1.44
Galveston_Bay,91,1.62,19.07,1.53
Galveston_Bay,92,1.64,17.59,1.82
Galveston_Bay,93,1.56,18.56,2.00
Galveston_Bay,94,1.47,20.85,2.54
Galveston_Bay,95,1.49,19.59,1.94
Galveston_Bay,96,1.53,18.86,2.33
Galveston_Bay,97,1.51,20.98,2.17
Galveston_Bay,98,1.52,20.34,1.99
Galveston_Bay,99,1.32,23.87,3.09
Galveston_Bay,100,1.38,22.95,2.46
Galveston_Bay,101,1.31,18.49,2.39
Galveston_Bay,102,1.34,17.03,2.89
Galveston_Bay,103,1.07,30.91,2.14
Galveston_Bay,104,1.07,30.83,2.01
Galveston_Bay,105,0.96,39.53,4.18
Galveston_Bay,106,0.97,35.89,3.45
Galveston_Bay,107,1.27,25.97,2.55
Galveston_Bay,108,1.37,24.48,2.73
Galveston_Bay,109,1.42,21.20,2.17
Galveston_Bay,110,1.58,20.72,1.88
Galveston_Bay,111,1.54,21.25,1.85
Galveston_Bay,112,1.52,21.45,1.16
Galveston_Bay,113,1.45,20.28,1.53
Galveston_Bay,114,1.50,20.03,1.53
Galveston_Bay,115,1.42,20.11,1.61
Galveston_Bay,116,1.40,21.87,2.06
Galveston_Bay,117,1.48,22.10,2.18
Galveston_Bay,118,1.41,23.46,3.00
Galveston_Bay,119,1.30,18.71,2.93
Galveston_Bay,120,1.36,17.39,2.73
Weeks_Bay,1,0.24,77.59,33.04
Weeks_Bay,2,0.27,74.28,30.12
Weeks_Bay,3,0.93,37.32,4.92
Weeks_Bay,4,1.33,25.24,0.75
Weeks_Bay,5,1.26,19.14,0.43
Weeks_Bay,6,0.25,75.51,28.40
Weeks_Bay,7,0.19,77.86,32.11
Weeks_Bay,8,0.23,77.70,31.20
Weeks_Bay,9,0.24,77.50,30.04
Weeks_Bay,10,0.19,82.26,37.18
Weeks_Bay,11,0.13,82.84,43.61
Weeks_Bay,12,0.17,83.90,49.37
Weeks_Bay,13,0.15,85.47,51.01
Weeks_Bay,14,0.23,77.90,43.12
Weeks_Bay,15,0.23,78.89,44.24
Weeks_Bay,16,0.23,77.83,44.00
Weeks_Bay,17,0.33,70.95,33.90
Weeks_Bay,18,0.57,61.35,9.13
Weeks_Bay,19,0.68,52.12,5.52
Weeks_Bay,20,0.67,51.40,5.90
Weeks_Bay,21,0.72,47.65,4.01
Weeks_Bay,22,0.40,65.63,16.52
Weeks_Bay,23,0.44,63.75,15.52
Weeks_Bay,24,0.45,61.50,10.87
Weeks_Bay,25,0.73,47.01,6.34
Weeks_Bay,26,0.36,69.58,17.56
Weeks_Bay,27,0.26,74.98,26.64
Weeks_Bay,28,0.24,75.61,23.89
Weeks_Bay,29,0.30,75.43,25.44
Weeks_Bay,30,0.22,79.85,33.19
Weeks_Bay,31,1.27,25.84,1.06
Weeks_Bay,32,1.12,30.29,1.59
Weeks_Bay,33,1.22,30.69,2.25
Weeks_Bay,34,1.26,30.18,1.63
Weeks_Bay,35,1.03,34.53,3.29
Weeks_Bay,36,0.97,38.28,4.27
Weeks_Bay,37,0.69,52.44,7.88
Weeks_Bay,38,0.57,55.27,10.04
Weeks_Bay,39,0.95,35.94,3.09
Weeks_Bay,40,1.26,28.67,2.63
Weeks_Bay,41,1.24,25.76,2.10
Weeks_Bay,42,0.36,68.56,22.79
Weeks_Bay,43,0.46,63.49,18.86
Weeks_Bay,44,0.42,57.48,15.29
Weeks_Bay,45,0.80,46.16,8.56
Weeks_Bay,46,0.61,46.53,14.64
Weeks_Bay,47,0.98,39.49,6.13
Weeks_Bay,48,1.29,34.47,2.86
Weeks_Bay,49,1.10,33.63,1.91
Weeks_Bay,50,0.53,59.51,12.30
Weeks_Bay,51,0.58,56.69,16.74
Weeks_Bay,52,0.92,40.71,3.38
Weeks_Bay,53,0.51,62.45,19.23
Weeks_Bay,54,0.32,73.03,25.00
Weeks_Bay,55,0.33,71.16,20.96
Weeks_Bay,56,0.29,75.19,30.18
Weeks_Bay,57,0.20,79.54,42.11
Weeks_Bay,58,0.21,80.14,39.64
Weeks_Bay,59,0.19,82.35,46.03
Weeks_Bay,60,0.18,83.20,45.70
Weeks_Bay,61,0.17,82.93,43.61
Weeks_Bay,62,0.15,85.67,57.85
Weeks_Bay,63,0.16,83.66,65.73
Weeks_Bay,64,0.20,80.08,50.45
Weeks_Bay,65,0.21,80.54,28.63
Weeks_Bay,66,0.22,77.43,25.10
Weeks_Bay,67,0.21,80.39,29.89
Weeks_Bay,68,0.23,78.91,28.94
Weeks_Bay,69,0.27,75.73,24.19
Weeks_Bay,70,0.30,74.14,24.90
Weeks_Bay,71,0.20,80.69,35.44
Weeks_Bay,72,0.23,79.26,35.02
Weeks_Bay,73,0.20,80.06,36.28
Weeks_Bay,74,0.14,86.48,47.51
Weeks_Bay,75,0.17,84.35,45.95
Weeks_Bay,76,0.19,80.89,44.64
Weeks_Bay,77,1.37,22.80,1.55
Weeks_Bay,78,0.99,35.70,3.07
Weeks_Bay,79,0.76,45.41,4.58
Weeks_Bay,80,0.74,50.40,6.02
Weeks_Bay,81,0.60,53.18,11.24
Weeks_Bay,82,0.59,56.54,10.00
Weeks_Bay,83,0.66,49.17,11.24
Weeks_Bay,84,0.60,52.25,11.49
Weeks_Bay,85,0.50,57.42,18.14
Weeks_Bay,86,0.53,58.47,16.13
Weeks_Bay,87,0.44,63.55,17.23
Weeks_Bay,88,0.34,66.17,21.79
Weeks_Bay,89,0.31,73.02,27.20
Weeks_Bay,90,0.24,78.47,35.43
Lake_pontchartrain,1,1.40,22.58,1.40
Lake_pontchartrain,2,1.26,19.75,0.78
Lake_pontchartrain,3,1.21,23.40,0.78
Lake_pontchartrain,4,0.76,35.63,2.45
Lake_pontchartrain,5,1.00,29.20,1.50
Lake_pontchartrain,6,1.08,25.25,1.83
Lake_pontchartrain,7,1.18,25.55,1.57
Lake_pontchartrain,8,1.25,22.04,1.77
Lake_pontchartrain,9,0.97,29.40,3.31
Lake_pontchartrain,10,1.10,26.27,1.86
Lake_pontchartrain,11,0.70,45.70,6.82
Lake_pontchartrain,12,0.61,52.64,8.75
Lake_pontchartrain,13,0.50,58.37,10.73
Lake_pontchartrain,14,0.60,54.41,8.98
Lake_pontchartrain,15,0.61,55.20,8.94
Lake_pontchartrain,16,0.51,57.32,11.03
Lake_pontchartrain,17,0.41,64.08,11.50
Lake_pontchartrain,18,0.37,67.66,13.11
Lake_pontchartrain,19,0.47,61.50,10.98
Lake_pontchartrain,20,0.46,62.73,14.12
Lake_pontchartrain,21,0.58,50.17,6.23
Lake_pontchartrain,22,0.44,61.44,13.38
Lake_pontchartrain,23,1.19,26.13,1.88
Lake_pontchartrain,24,0.99,35.45,3.60
Lake_pontchartrain,25,1.22,25.41,1.95
Lake_pontchartrain,26,1.04,30.02,1.59
Lake_pontchartrain,27,0.88,36.40,4.15
Lake_pontchartrain,28,0.89,37.57,3.94
Lake_pontchartrain,29,0.94,33.44,2.92
Lake_pontchartrain,30,0.56,47.81,9.78
Lake_pontchartrain,31,0.62,47.03,9.30
Lake_pontchartrain,32,0.60,47.91,9.96
Lake_pontchartrain,33,0.47,59.13,10.71
Lake_pontchartrain,34,0.51,57.79,10.67
Lake_pontchartrain,35,0.69,47.58,6.52
Lake_pontchartrain,36,0.54,55.24,8.20
Lake_pontchartrain,37,0.45,60.58,11.07
Lake_pontchartrain,38,0.43,59.19,11.28
Lake_pontchartrain,39,0.94,36.25,4.17
Lake_pontchartrain,40,1.33,19.10,0.39
Lake_pontchartrain,41,1.57,19.34,0.41
Lake_pontchartrain,42,1.14,7.54,0.35
Lake_pontchartrain,43,0.71,47.32,8.43
Lake_pontchartrain,44,0.49,58.26,11.68
Lake_pontchartrain,45,0.38,66.33,17.17
Lake_pontchartrain,46,0.30,73.40,20.00
Lake_pontchartrain,47,0.28,73.61,20.54
Lake_pontchartrain,48,0.22,78.21,25.43
Lake_pontchartrain,49,0.28,73.63,19.09
Lake_pontchartrain,50,0.26,74.33,21.54
Lake_pontchartrain,51,0.23,78.06,23.04
Lake_pontchartrain,52,0.27,75.81,20.54
Lake_pontchartrain,53,0.64,50.73,8.15
Lake_pontchartrain,54,1.24,27.96,2.19
Lake_pontchartrain,55,0.57,54.90,12.02
Lake_pontchartrain,56,0.28,70.58,26.54
Lake_pontchartrain,57,0.28,71.06,22.88
Lake_pontchartrain,58,0.28,70.60,22.66
Lake_pontchartrain,59,0.33,68.55,20.41
Lake_pontchartrain,60,0.33,70.28,23.73
Lake_pontchartrain,61,0.30,69.67,18.82
Lake_pontchartrain,62,0.28,72.71,20.07
Lake_pontchartrain,63,0.27,74.93,24.78
Lake_pontchartrain,64,0.21,75.00,24.31
Lake_pontchartrain,65,0.15,83.69,32.42
Lake_pontchartrain,66,0.13,87.62,48.18
Lake_pontchartrain,67,0.49,57.95,12.30
Lake_pontchartrain,68,0.34,64.27,11.76
Lake_pontchartrain,69,0.39,62.72,14.55
Lake_pontchartrain,70,0.53,54.33,12.69
Lake_pontchartrain,71,0.39,64.73,23.20
Lake_pontchartrain,72,0.30,71.63,26.91
Lake_pontchartrain,73,0.28,72.55,26.55
Lake_pontchartrain,74,0.24,77.80,31.72
Lake_pontchartrain,75,0.21,81.87,30.96
Lake_pontchartrain,76,0.17,85.32,38.72
Lake_pontchartrain,77,0.17,85.39,36.73
Lake_pontchartrain,78,0.14,88.06,41.59
Lake_pontchartrain,79,0.18,85.13,41.00
Lake_pontchartrain,80,0.25,79.88,40.64
Lake_pontchartrain,81,0.26,79.02,36.79
Lake_pontchartrain,82,0.26,78.81,35.43
Lake_pontchartrain,83,0.14,85.91,46.91
Lake_pontchartrain,84,0.15,86.03,47.56
Lake_pontchartrain,85,0.11,88.61,55.06
Lake_pontchartrain,86,0.80,35.37,7.60
Lake_pontchartrain,87,1.14,32.13,2.81
Lake_pontchartrain,88,1.12,32.75,2.86
Lake_pontchartrain,89,0.99,33.18,2.86
Lake_pontchartrain,90,0.87,38.84,3.92
Lake_pontchartrain,91,0.79,46.76,6.12
Lake_pontchartrain,92,0.62,52.39,7.93
Lake_pontchartrain,93,0.68,52.42,9.02
Lake_pontchartrain,94,0.58,52.81,9.27
Lake_pontchartrain,95,0.62,50.78,8.36
Lake_pontchartrain,96,0.49,57.51,11.15
Lake_pontchartrain,97,0.52,56.58,10.92
Lake_pontchartrain,98,0.43,63.13,13.58
Lake_pontchartrain,99,0.25,78.59,29.17
Lake_pontchartrain,100,0.26,76.43,23.79
Tampa_Bay,1,1.44,26.17,1.52
Tampa_Bay,2,1.23,31.01,1.85
Tampa_Bay,3,0.58,53.65,8.48
Tampa_Bay,4,0.61,51.89,10.14
Tampa_Bay,5,0.31,72.73,24.46
Tampa_Bay,6,0.23,80.02,45.00
Tampa_Bay,7,0.18,82.53,55.65
Tampa_Bay,8,0.19,80.48,51.98
Tampa_Bay,9,1.34,21.35,0.34
Tampa_Bay,10,1.45,21.38,0.42
Tampa_Bay,11,0.78,45.44,2.99
Tampa_Bay,12,0.48,57.99,11.42
Tampa_Bay,13,0.32,69.47,17.81
Tampa_Bay,14,0.43,60.67,14.29
Tampa_Bay,15,0.35,68.07,21.40
Tampa_Bay,16,0.39,63.70,14.02
Tampa_Bay,17,0.20,77.48,31.20
Tampa_Bay,18,0.27,71.97,27.62
Tampa_Bay,19,0.24,77.28,35.60
Tampa_Bay,20,0.49,59.28,10.66
Tampa_Bay,21,0.71,43.37,5.35
Tampa_Bay,22,1.03,32.38,3.11
Tampa_Bay,23,0.84,40.89,4.12
Tampa_Bay,24,0.61,52.62,8.37
Tampa_Bay,25,0.39,66.12,21.67
Tampa_Bay,26,0.26,76.53,28.81
Tampa_Bay,27,0.63,52.55,7.97
Tampa_Bay,28,0.41,65.45,14.90
Tampa_Bay,29,0.37,67.10,20.00
Tampa_Bay,30,0.97,35.03,3.60
Tampa_Bay,31,1.16,26.86,1.79
Tampa_Bay,32,1.37,21.74,1.66
Tampa_Bay,33,1.14,26.08,1.60
Tampa_Bay,34,1.48,22.48,1.23
Tampa_Bay,35,1.31,22.20,1.24
Tampa_Bay,36,1.10,28.55,2.21
Tampa_Bay,37,1.24,28.59,2.48
Tampa_Bay,38,0.91,36.07,3.49
Tampa_Bay,39,1.06,30.42,3.51
Tampa_Bay,40,0.91,26.92,2.99
Tampa_Bay,41,1.52,11.63,0.76
Tampa_Bay,42,1.30,11.31,0.79
Tampa_Bay,43,0.87,11.49,4.10
Tampa_Bay,44,1.18,7.29,2.10
Tampa_Bay,45,1.34,3.07,0.82
Tampa_Bay,46,0.96,7.75,5.34
Tampa_Bay,47,0.98,3.97,1.99
Tampa_Bay,48,1.07,29.84,4.05
Tampa_Bay,49,0.94,34.38,5.79
Tampa_Bay,50,0.90,39.60,6.30
Tampa_Bay,51,0.36,66.02,24.09
Tampa_Bay,52,0.18,82.91,59.75
Tampa_Bay,53,0.16,83.95,64.47
Tampa_Bay,54,1.50,20.52,0.40
Tampa_Bay,55,0.71,47.76,5.37
Tampa_Bay,56,0.72,44.62,4.58
Tampa_Bay,57,1.03,32.63,4.08
Tampa_Bay,58,0.73,47.13,7.88
Tampa_Bay,59,0.99,31.83,3.14
Tampa_Bay,60,1.20,27.94,2.83
Tampa_Bay,61,1.31,21.18,1.17
Tampa_Bay,62,1.28,20.82,0.76
Tampa_Bay,63,1.23,26.53,3.65
Tampa_Bay,64,0.92,25.56,2.52
Tampa_Bay,65,0.91,33.54,3.60
Tampa_Bay,66,0.46,53.00,14.01
Tampa_Bay,67,0.28,74.43,28.38
Tampa_Bay,68,0.44,63.14,23.40
Tampa_Bay,69,0.42,62.86,20.14
Tampa_Bay,70,1.08,32.30,4.04
Tampa_Bay,71,1.14,33.58,3.70
Tampa_Bay,72,0.69,49.46,8.20
Tampa_Bay,73,0.26,75.13,26.46
Tampa_Bay,74,0.21,80.41,41.35
Tampa_Bay,75,0.16,84.39,48.32
Tampa_Bay,76,0.18,82.08,42.29
Tampa_Bay,77,0.15,85.16,47.44
Tampa_Bay,78,0.15,83.27,43.91
Tampa_Bay,79,0.16,82.25,44.21
Tampa_Bay,80,0.17,82.78,41.80
Tampa_Bay,81,0.17,82.57,42.62
Tampa_Bay,82,0.14,85.93,54.38
Tampa_Bay,83,0.99,31.45,3.76
Tampa_Bay,84,0.17,81.48,38.57
Tampa_Bay,85,0.18,81.58,43.75
Tampa_Bay,86,0.37,64.47,17.94
Tampa_Bay,87,0.95,35.64,4.24
Tampa_Bay,88,1.18,28.52,3.12
Tampa_Bay,89,0.38,48.11,33.48
Tampa_Bay,90,0.65,29.19,11.54
Tampa_Bay,91,0.69,36.05,11.89
Tampa_Bay,92,0.72,39.71,13.12
Tampa_Bay,93,0.66,47.94,16.54
Tampa_Bay,94,1.15,31.39,3.47
Tampa_Bay,95,0.34,71.46,22.30
Tampa_Bay,96,0.19,81.76,40.76
Ten_Thousand_Islands,1,0.46,56.04,5.86
Ten_Thousand_Islands,2,0.73,52.76,5.88
Ten_Thousand_Islands,3,0.10,90.29,58.95
Ten_Thousand_Islands,4,0.09,90.86,69.53
Ten_Thousand_Islands,5,0.11,89.13,74.03
Ten_Thousand_Islands,6,0.12,88.67,68.98
Ten_Thousand_Islands,7,0.27,78.41,27.39
Ten_Thousand_Islands,8,0.36,71.36,24.35
Ten_Thousand_Islands,9,0.27,78.69,27.66
Ten_Thousand_Islands,10,0.42,66.92,13.71
Ten_Thousand_Islands,11,0.40,68.16,13.60
Ten_Thousand_Islands,12,0.58,58.40,10.00
Ten_Thousand_Islands,13,1.18,21.23,0.81
Ten_Thousand_Islands,14,0.72,28.55,1.30
Ten_Thousand_Islands,15,0.51,53.53,8.63
Ten_Thousand_Islands,16,0.70,42.65,7.52
Ten_Thousand_Islands,17,0.97,29.34,1.72
Ten_Thousand_Islands,18,1.40,22.25,0.81
Ten_Thousand_Islands,19,1.52,22.58,0.87
Ten_Thousand_Islands,20,1.18,9.40,0.42
Ten_Thousand_Islands,21,1.23,4.64,0.42
Ten_Thousand_Islands,22,1.47,4.92,0.84
Ten_Thousand_Islands,23,1.40,5.28,0.89
Ten_Thousand_Islands,24,1.18,8.21,2.93
Ten_Thousand_Islands,25,0.97,11.63,2.16
Ten_Thousand_Islands,26,0.36,69.97,24.15
Ten_Thousand_Islands,27,0.35,70.05,18.99
Ten_Thousand_Islands,28,0.18,82.46,51.77
Ten_Thousand_Islands,29,0.13,85.84,55.87
Ten_Thousand_Islands,30,1.44,27.18,1.25
Ten_Thousand_Islands,31,1.44,21.79,0.81
Ten_Thousand_Islands,32,0.77,43.18,5.04
Ten_Thousand_Islands,33,0.61,50.04,6.93
Ten_Thousand_Islands,34,1.10,29.73,5.22
Ten_Thousand_Islands,35,1.32,11.66,0.41
Ten_Thousand_Islands,36,0.86,12.06,2.05
Ten_Thousand_Islands,37,1.24,30.10,2.67
Ten_Thousand_Islands,38,0.52,59.60,14.59
Ten_Thousand_Islands,39,0.27,77.53,30.61
Ten_Thousand_Islands,40,0.22,78.45,30.80
Ten_Thousand_Islands,41,0.22,78.04,39.32
Ten_Thousand_Islands,42,0.22,77.58,37.96
Ten_Thousand_Islands,43,0.27,73.97,34.58
Ten_Thousand_Islands,44,0.22,78.19,62.35
Ten_Thousand_Islands,45,0.66,55.86,16.60
Ten_Thousand_Islands,46,0.33,71.84,23.41
Ten_Thousand_Islands,47,0.20,80.43,42.08
Ten_Thousand_Islands,48,0.17,82.73,49.17
Ten_Thousand_Islands,49,0.16,84.36,54.78
Ten_Thousand_Islands,50,0.15,85.02,60.27
Ten_Thousand_Islands,51,0.17,83.19,55.31
Ten_Thousand_Islands,52,0.14,82.82,61.92
Ten_Thousand_Islands,53,0.14,85.68,60.94
Ten_Thousand_Islands,54,0.53,59.98,14.29
Ten_Thousand_Islands,55,0.57,53.78,13.11
Ten_Thousand_Islands,56,0.48,61.17,15.68
Ten_Thousand_Islands,57,0.53,58.75,14.54
Ten_Thousand_Islands,58,0.40,65.40,18.55
Ten_Thousand_Islands,59,0.26,75.13,37.29
Ten_Thousand_Islands,60,0.18,81.76,45.13
Ten_Thousand_Islands,61,0.21,80.02,41.46
Ten_Thousand_Islands,62,0.90,38.50,4.58
Ten_Thousand_Islands,63,0.79,42.57,4.80
Ten_Thousand_Islands,64,0.88,45.63,4.62
Ten_Thousand_Islands,65,1.11,37.22,3.32
Ten_Thousand_Islands,66,1.14,37.26,3.88
Ten_Thousand_Islands,67,0.93,37.37,4.37
Ten_Thousand_Islands,68,0.81,45.07,4.05
Ten_Thousand_Islands,69,0.73,54.73,7.19
Ten_Thousand_Islands,70,0.74,48.82,7.79
Ten_Thousand_Islands,71,1.13,32.41,3.53
Ten_Thousand_Islands,72,1.00,38.16,5.56
Ten_Thousand_Islands,73,0.77,46.68,6.64
Ten_Thousand_Islands,74,1.05,40.32,4.10
Ten_Thousand_Islands,75,0.12,82.65,66.67
Ten_Thousand_Islands,76,0.61,42.78,12.10
Ten_Thousand_Islands,77,0.69,42.24,13.45
Ten_Thousand_Islands,78,0.93,42.49,3.31
Ten_Thousand_Islands,79,0.85,41.67,2.79
Ten_Thousand_Islands,80,0.61,52.82,4.31
Ten_Thousand_Islands,81,0.86,40.53,5.32
Ten_Thousand_Islands,82,0.80,44.79,5.13
Ten_Thousand_Islands,83,0.84,48.36,5.39
Ten_Thousand_Islands,84,0.65,48.46,5.93
Ten_Thousand_Islands,85,0.86,38.95,5.31
Ten_Thousand_Islands,86,0.88,36.73,4.44
Ten_Thousand_Islands,87,0.73,48.11,6.64
Ten_Thousand_Islands,88,0.85,49.22,6.67
Ten_Thousand_Islands,89,0.93,48.51,5.60
Ten_Thousand_Islands,90,0.83,47.37,4.83
Ten_Thousand_Islands,91,1.09,35.03,3.92
Ten_Thousand_Islands,92,0.93,45.92,5.69
Ten_Thousand_Islands,93,0.73,43.97,7.89
Ten_Thousand_Islands,94,1.18,33.17,2.47
Ten_Thousand_Islands,95,1.13,33.72,3.28
Ten_Thousand_Islands,96,1.24,29.59,2.08
Ten_Thousand_Islands,97,1.36,29.01,2.85
