River ID,Site ID,Microtopography,Depth,Replicate,Sampling Event,Percent Mass Remaining
1,1,O,10,1,T1,85.15594505
1,1,O,25,1,T1,90.13681731
1,1,O,50,1,T1,76.92386913
1,1,O,10,2,T1,91.16821372
1,1,O,25,2,T1,88.70462174
1,1,O,50,2,T1,75.71284389
1,1,U,10,1,T1,90.42841414
1,1,U,25,1,T1,84.96746307
1,1,U,50,1,T1,83.54683271
1,1,U,10,2,T1,84.40296989
1,1,U,25,2,T1,82.01347047
1,1,U,50,2,T1,78.48256297
1,2,NA,10,1,T1,94.68621806
1,2,NA,25,1,T1,82.28776067
1,2,NA,50,1,T1,96.44650208
1,2,NA,10,2,T1,98.72441234
1,2,NA,25,2,T1,83.78812471
1,2,NA,50,2,T1,98.63502075
1,3,NA,10,1,T1,82.43837495
1,3,NA,25,1,T1,66.80220172
1,3,NA,50,1,T1,99.11810101
1,3,NA,10,2,T1,78.79128309
1,3,NA,25,2,T1,81.58334284
1,3,NA,50,2,T1,84.51529892
1,4,NA,10,1,T1,99.57897309
1,4,NA,25,1,T1,98.41027436
1,4,NA,50,1,T1,94.73878816
1,4,NA,10,2,T1,96.54098543
1,4,NA,25,2,T1,95.12935103
1,4,NA,50,2,T1,90.18673903
2,1,O,10,1,T1,75.99674136
2,1,O,25,1,T1,90.22356859
2,1,O,50,1,T1,93.7503339
2,1,O,10,2,T1,90.67548928
2,1,O,25,2,T1,93.64744115
2,1,O,50,2,T1,92.55995429
2,1,U,10,1,T1,86.00496898
2,1,U,25,1,T1,87.34355449
2,1,U,50,1,T1,92.16501667
2,1,U,10,2,T1,85.29725482
2,1,U,25,2,T1,78.04304544
2,1,U,50,2,T1,84.60087042
2,2,NA,10,1,T1,83.53693666
2,2,NA,25,1,T1,85.6439473
2,2,NA,50,1,T1,69.89305997
2,2,NA,10,2,T1,84.35409409
2,2,NA,25,2,T1,81.74727016
2,2,NA,50,2,T1,77.22546177
2,3,NA,10,1,T1,86.20698068
2,3,NA,25,1,T1,94.07093599
2,3,NA,50,1,T1,92.7827068
2,3,NA,10,2,T1,91.51993218
2,3,NA,25,2,T1,89.64962505
2,3,NA,50,2,T1,92.32195459
2,4,NA,10,1,T1,96.19793525
2,4,NA,25,1,T1,98.2848201
2,4,NA,50,1,T1,100
2,4,NA,10,2,T1,100
2,4,NA,25,2,T1,95.83452745
2,4,NA,50,2,T1,96.64917618
1,1,O,10,1,T2,86.43634605
1,1,O,25,1,T2,71.3517567
1,1,O,50,1,T2,82.45183101
1,1,O,10,2,T2,85.9707891
1,1,O,25,2,T2,81.86908927
1,1,O,50,2,T2,75.25962131
1,1,U,10,1,T2,88.28425417
1,1,U,25,1,T2,85.91885442
1,1,U,50,1,T2,81.57615599
1,1,U,10,2,T2,83.94822985
1,1,U,25,2,T2,68.46098858
1,1,U,50,2,T2,80.24491154
1,2,NA,10,1,T2,83.88808932
1,2,NA,25,1,T2,77.55728474
1,2,NA,50,1,T2,93.19272002
1,2,NA,10,2,T2,76.81294813
1,2,NA,25,2,T2,77.43802036
1,2,NA,50,2,T2,91.99386809
1,3,NA,10,1,T2,91.64684314
1,3,NA,25,1,T2,100
1,3,NA,50,1,T2,77.05741798
1,3,NA,10,2,T2,99.28222874
1,3,NA,25,2,T2,75.97156025
1,3,NA,50,2,T2,81.37983085
1,4,NA,10,1,T2,94.99909472
1,4,NA,25,1,T2,95.3304545
1,4,NA,50,1,T2,67.2422611
1,4,NA,10,2,T2,93.17035309
1,4,NA,25,2,T2,93.29592478
1,4,NA,50,2,T2,89.67187341
2,1,O,10,1,T2,85.26355315
2,1,O,25,1,T2,93.40105625
2,1,O,50,1,T2,88.62015495
2,1,O,10,2,T2,90.38461049
2,1,O,25,2,T2,90.0014003
2,1,O,50,2,T2,92.17315271
2,1,U,10,1,T2,86.36705161
2,1,U,25,1,T2,81.61229196
2,1,U,50,1,T2,82.38971664
2,1,U,10,2,T2,76.62653276
2,1,U,25,2,T2,64.54304433
2,1,U,50,2,T2,84.73067384
2,2,NA,10,1,T2,83.65730211
2,2,NA,25,1,T2,74.31489541
2,2,NA,50,1,T2,71.17304576
2,2,NA,10,2,T2,77.75348273
2,2,NA,25,2,T2,74.77013437
2,2,NA,50,2,T2,79.66546677
2,3,NA,10,1,T2,90.03516227
2,3,NA,25,1,T2,92.83772595
2,3,NA,50,1,T2,86.11782298
2,3,NA,10,2,T2,88.901181
2,3,NA,25,2,T2,90.89913998
2,3,NA,50,2,T2,100
2,4,NA,10,1,T2,.
2,4,NA,25,1,T2,.
2,4,NA,50,1,T2,.
2,4,NA,10,2,T2,.
2,4,NA,25,2,T2,.
2,4,NA,50,2,T2,.
1,1,O,10,1,T3,87.64219639
1,1,O,25,1,T3,66.16628864
1,1,O,50,1,T3,52.8796736
1,1,O,10,2,T3,86.01116739
1,1,O,25,2,T3,39.5211332
1,1,O,50,2,T3,70.33111967
1,1,U,10,1,T3,85.80851381
1,1,U,25,1,T3,82.55057626
1,1,U,50,1,T3,75.16563861
1,1,U,10,2,T3,79.19875198
1,1,U,25,2,T3,82.72567878
1,1,U,50,2,T3,76.94119365
1,2,NA,10,1,T3,86.64015402
1,2,NA,25,1,T3,86.05039106
1,2,NA,50,1,T3,65.38566634
1,2,NA,10,2,T3,61.4304096
1,2,NA,25,2,T3,75.60264958
1,2,NA,50,2,T3,91.95034477
1,3,NA,10,1,T3,90.8720097
1,3,NA,25,1,T3,99.01395629
1,3,NA,50,1,T3,71.93418814
1,3,NA,10,2,T3,89.95725682
1,3,NA,25,2,T3,82.35178102
1,3,NA,50,2,T3,63.70117494
1,4,NA,10,1,T3,94.11981017
1,4,NA,25,1,T3,87.88731603
1,4,NA,50,1,T3,91.62028252
1,4,NA,10,2,T3,100
1,4,NA,25,2,T3,91.11488451
1,4,NA,50,2,T3,96.48219312
2,1,O,10,1,T3,.
2,1,O,25,1,T3,87.06396658
2,1,O,50,1,T3,90.64890438
2,1,O,10,2,T3,86.52147984
2,1,O,25,2,T3,89.65120254
2,1,O,50,2,T3,78.83575121
2,1,U,10,1,T3,91.16311382
2,1,U,25,1,T3,82.0603018
2,1,U,50,1,T3,89.41171064
2,1,U,10,2,T3,83.95453587
2,1,U,25,2,T3,86.74289063
2,1,U,50,2,T3,87.14497864
2,2,NA,10,1,T3,79.42015594
2,2,NA,25,1,T3,70.14819781
2,2,NA,50,1,T3,64.75236652
2,2,NA,10,2,T3,91.84317608
2,2,NA,25,2,T3,76.92074772
2,2,NA,50,2,T3,44.38738579
2,3,NA,10,1,T3,91.99169894
2,3,NA,25,1,T3,77.08434025
2,3,NA,50,1,T3,92.32652241
2,3,NA,10,2,T3,90.99170206
2,3,NA,25,2,T3,91.74542501
2,3,NA,50,2,T3,93.99609579
2,4,NA,10,1,T3,97.08183731
2,4,NA,25,1,T3,92.41808848
2,4,NA,50,1,T3,91.15877983
2,4,NA,10,2,T3,97.24608876
2,4,NA,25,2,T3,100
2,4,NA,50,2,T3,95.24394473
1,1,O,10,1,T4,96.30736007
1,1,O,25,1,T4,62.03924464
1,1,O,50,1,T4,84.08924106
1,1,O,10,2,T4,84.31230586
1,1,O,25,2,T4,72.10092599
1,1,O,50,2,T4,78.7450297
1,1,U,10,1,T4,88.12847791
1,1,U,25,1,T4,65.91940691
1,1,U,50,1,T4,79.91758233
1,1,U,10,2,T4,85.06774407
1,1,U,25,2,T4,69.96407708
1,1,U,50,2,T4,73.91083539
1,2,NA,10,1,T4,68.06387704
1,2,NA,25,1,T4,85.89948223
1,2,NA,50,1,T4,87.54830885
1,2,NA,10,2,T4,74.41896579
1,2,NA,25,2,T4,88.07773353
1,2,NA,50,2,T4,98.34854116
1,3,NA,10,1,T4,55.32528869
1,3,NA,25,1,T4,83.90063664
1,3,NA,50,1,T4,56.94779055
1,3,NA,10,2,T4,94.81017583
1,3,NA,25,2,T4,72.83276457
1,3,NA,50,2,T4,67.50179139
1,4,NA,10,1,T4,.
1,4,NA,25,1,T4,.
1,4,NA,50,1,T4,.
1,4,NA,10,2,T4,.
1,4,NA,25,2,T4,.
1,4,NA,50,2,T4,.
2,1,O,10,1,T4,86.67422961
2,1,O,25,1,T4,87.12365073
2,1,O,50,1,T4,84.63728964
2,1,O,10,2,T4,89.72979517
2,1,O,25,2,T4,84.6567214
2,1,O,50,2,T4,87.56194697
2,1,U,10,1,T4,89.74670443
2,1,U,25,1,T4,89.2625881
2,1,U,50,1,T4,83.35988082
2,1,U,10,2,T4,91.22305828
2,1,U,25,2,T4,81.97227488
2,1,U,50,2,T4,84.05569113
2,2,NA,10,1,T4,94.97435681
2,2,NA,25,1,T4,77.12964009
2,2,NA,50,1,T4,67.60661985
2,2,NA,10,2,T4,88.96505015
2,2,NA,25,2,T4,90.18425786
2,2,NA,50,2,T4,53.64236585
2,3,NA,10,1,T4,86.79204097
2,3,NA,25,1,T4,81.84391861
2,3,NA,50,1,T4,92.18906477
2,3,NA,10,2,T4,100
2,3,NA,25,2,T4,97.79520942
2,3,NA,50,2,T4,91.01827393
2,4,NA,10,1,T4,96.35573412
2,4,NA,25,1,T4,85.50081688
2,4,NA,50,1,T4,88.43734834
2,4,NA,10,2,T4,87.32535364
2,4,NA,25,2,T4,100
2,4,NA,50,2,T4,100
1,1,O,10,1,T5,81.3881279
1,1,O,25,1,T5,76.93326772
1,1,O,50,1,T5,37.10989019
1,1,O,10,2,T5,79.80660455
1,1,O,25,2,T5,57.47342404
1,1,O,50,2,T5,69.3556603
1,1,U,10,1,T5,80.21087433
1,1,U,25,1,T5,69.73277103
1,1,U,50,1,T5,82.08755793
1,1,U,10,2,T5,80.09697723
1,1,U,25,2,T5,75.0901555
1,1,U,50,2,T5,.
1,2,NA,10,1,T5,69.1334839
1,2,NA,25,1,T5,81.35053949
1,2,NA,50,1,T5,95.40246558
1,2,NA,10,2,T5,53.67569101
1,2,NA,25,2,T5,57.18290029
1,2,NA,50,2,T5,90.11787534
1,3,NA,10,1,T5,78.90418653
1,3,NA,25,1,T5,75.30007778
1,3,NA,50,1,T5,48.89314186
1,3,NA,10,2,T5,62.64315302
1,3,NA,25,2,T5,86.59147694
1,3,NA,50,2,T5,53.15510337
1,4,NA,10,1,T5,.
1,4,NA,25,1,T5,.
1,4,NA,50,1,T5,.
1,4,NA,10,2,T5,.
1,4,NA,25,2,T5,.
1,4,NA,50,2,T5,.
2,1,O,10,1,T5,84.44531672
2,1,O,25,1,T5,88.09962717
2,1,O,50,1,T5,81.67352021
2,1,O,10,2,T5,94.10861014
2,1,O,25,2,T5,83.57513339
2,1,O,50,2,T5,86.09041392
2,1,U,10,1,T5,46.37359434
2,1,U,25,1,T5,86.8965045
2,1,U,50,1,T5,81.12506585
2,1,U,10,2,T5,78.08003869
2,1,U,25,2,T5,89.43566419
2,1,U,50,2,T5,83.60203067
2,2,NA,10,1,T5,58.96891811
2,2,NA,25,1,T5,48.04741247
2,2,NA,50,1,T5,69.97730452
2,2,NA,10,2,T5,69.29055132
2,2,NA,25,2,T5,79.49936109
2,2,NA,50,2,T5,55.61987158
2,3,NA,10,1,T5,87.36187122
2,3,NA,25,1,T5,93.29969621
2,3,NA,50,1,T5,87.59683449
2,3,NA,10,2,T5,100
2,3,NA,25,2,T5,93.75333016
2,3,NA,50,2,T5,90.7562479
2,4,NA,10,1,T5,93.44433164
2,4,NA,25,1,T5,94.84337761
2,4,NA,50,1,T5,97.86693692
2,4,NA,10,2,T5,90.63651612
2,4,NA,25,2,T5,88.96159154
2,4,NA,50,2,T5,87.52758077
1,1,O,10,1,T6,73.81119829
1,1,O,25,1,T6,70.81289192
1,1,O,50,1,T6,40.70136363
1,1,O,10,2,T6,74.68186705
1,1,O,25,2,T6,77.63667059
1,1,O,50,2,T6,63.5307226
1,1,U,10,1,T6,69.3493615
1,1,U,25,1,T6,64.04457242
1,1,U,50,1,T6,67.49421406
1,1,U,10,2,T6,72.8716282
1,1,U,25,2,T6,75.64778067
1,1,U,50,2,T6,70.59521872
1,2,NA,10,1,T6,75.17414397
1,2,NA,25,1,T6,77.48964937
1,2,NA,50,1,T6,91.38138505
1,2,NA,10,2,T6,54.65344775
1,2,NA,25,2,T6,61.65498111
1,2,NA,50,2,T6,72.88649313
1,3,NA,10,1,T6,27.14171424
1,3,NA,25,1,T6,75.36255539
1,3,NA,50,1,T6,34.43343032
1,3,NA,10,2,T6,77.64551804
1,3,NA,25,2,T6,89.06915416
1,3,NA,50,2,T6,76.36874694
1,4,NA,10,1,T6,100
1,4,NA,25,1,T6,90.66213493
1,4,NA,50,1,T6,92.48092539
1,4,NA,10,2,T6,82.60765281
1,4,NA,25,2,T6,77.28889535
1,4,NA,50,2,T6,82.85891831
2,1,O,10,1,T6,82.34624756
2,1,O,25,1,T6,81.32382128
2,1,O,50,1,T6,85.8458621
2,1,O,10,2,T6,84.15081832
2,1,O,25,2,T6,88.46710298
2,1,O,50,2,T6,72.07900047
2,1,U,10,1,T6,84.98239514
2,1,U,25,1,T6,82.12749895
2,1,U,50,1,T6,74.45983267
2,1,U,10,2,T6,36.72046833
2,1,U,25,2,T6,82.33839216
2,1,U,50,2,T6,80.80470224
2,2,NA,10,1,T6,77.31689556
2,2,NA,25,1,T6,57.42057408
2,2,NA,50,1,T6,57.46836281
2,2,NA,10,2,T6,69.02562712
2,2,NA,25,2,T6,76.38524514
2,2,NA,50,2,T6,69.44215327
2,3,NA,10,1,T6,90.64170403
2,3,NA,25,1,T6,85.81362922
2,3,NA,50,1,T6,94.6509368
2,3,NA,10,2,T6,86.65695074
2,3,NA,25,2,T6,65.93276794
2,3,NA,50,2,T6,85.73594355
2,4,NA,10,1,T6,86.70795382
2,4,NA,25,1,T6,94.77799822
2,4,NA,50,1,T6,83.09869077
2,4,NA,10,2,T6,90.75569273
2,4,NA,25,2,T6,86.39657254
2,4,NA,50,2,T6,78.50151267
