Site ID,Basin ID,Wetland Type,Plot,Sampling Event,Bag ID,Mass Remaining (%),,,,,,,,,,,,,,,,,,,,,,,,,,,,,,,,,,,,
175,2,4,1,T1,266,77.35982801,,,,,,,,,,,,,,,,,,,,,,,,,,,,,,,,,,,,
175,2,4,2,T1,271,79.10069615,,,,,,,,,,,,,,,,,,,,,,,,,,,,,,,,,,,,
175,2,4,3,T1,274,78.01265356,,,,,,,,,,,,,,,,,,,,,,,,,,,,,,,,,,,,
211,2,1,1,T1,132,79.34499498,,,,,,,,,,,,,,,,,,,,,,,,,,,,,,,,,,,,
211,2,1,2,T1,138,85.63621331,,,,,,,,,,,,,,,,,,,,,,,,,,,,,,,,,,,,
211,2,1,3,T1,142,81.7559066,,,,,,,,,,,,,,,,,,,,,,,,,,,,,,,,,,,,
224,2,4,1,T1,277,87.1175891,,,,,,,,,,,,,,,,,,,,,,,,,,,,,,,,,,,,
224,2,4,2,T1,281,88.69167638,,,,,,,,,,,,,,,,,,,,,,,,,,,,,,,,,,,,
224,2,4,3,T1,284,83.75229905,,,,,,,,,,,,,,,,,,,,,,,,,,,,,,,,,,,,
225,2,2,1,T1,195,81.93559226,,,,,,,,,,,,,,,,,,,,,,,,,,,,,,,,,,,,
225,2,2,2,T1,198,85.63314351,,,,,,,,,,,,,,,,,,,,,,,,,,,,,,,,,,,,
225,2,2,3,T1,202,87.50871298,,,,,,,,,,,,,,,,,,,,,,,,,,,,,,,,,,,,
237,2,4,1,T1,252,85.35694103,,,,,,,,,,,,,,,,,,,,,,,,,,,,,,,,,,,,
237,2,4,2,T1,258,79.15509828,,,,,,,,,,,,,,,,,,,,,,,,,,,,,,,,,,,,
237,2,4,3,T1,263,74.42211302,,,,,,,,,,,,,,,,,,,,,,,,,,,,,,,,,,,,
253,2,3,1,T1,218,81.12143928,,,,,,,,,,,,,,,,,,,,,,,,,,,,,,,,,,,,
253,2,3,2,T1,222,82.134,,,,,,,,,,,,,,,,,,,,,,,,,,,,,,,,,,,,
253,2,3,3,T1,224,81.76911544,,,,,,,,,,,,,,,,,,,,,,,,,,,,,,,,,,,,
273,2,1,1,T1,146,80.51725032,,,,,,,,,,,,,,,,,,,,,,,,,,,,,,,,,,,,
273,2,1,2,T1,150,79.23726247,,,,,,,,,,,,,,,,,,,,,,,,,,,,,,,,,,,,
273,2,1,3,T1,154,80.43604861,,,,,,,,,,,,,,,,,,,,,,,,,,,,,,,,,,,,
305,1,2,1,T1,50,58.11805531,,,,,,,,,,,,,,,,,,,,,,,,,,,,,,,,,,,,
305,1,2,2,T1,53,59.81433418,,,,,,,,,,,,,,,,,,,,,,,,,,,,,,,,,,,,
305,1,2,3,T1,56,63.25570683,,,,,,,,,,,,,,,,,,,,,,,,,,,,,,,,,,,,
309,1,3,1,T1,62,87.09318316,,,,,,,,,,,,,,,,,,,,,,,,,,,,,,,,,,,,
309,1,3,2,T1,67,89.94305894,,,,,,,,,,,,,,,,,,,,,,,,,,,,,,,,,,,,
309,1,3,3,T1,68,88.00746007,,,,,,,,,,,,,,,,,,,,,,,,,,,,,,,,,,,,
327,1,1,1,T1,1,79.44642438,,,,,,,,,,,,,,,,,,,,,,,,,,,,,,,,,,,,
327,1,1,2,T1,7,78.3971716,,,,,,,,,,,,,,,,,,,,,,,,,,,,,,,,,,,,
327,1,1,3,T1,10,85.81970962,,,,,,,,,,,,,,,,,,,,,,,,,,,,,,,,,,,,
331,1,1,1,T1,14,81.65516347,,,,,,,,,,,,,,,,,,,,,,,,,,,,,,,,,,,,
331,1,1,2,T1,20,80.17874648,,,,,,,,,,,,,,,,,,,,,,,,,,,,,,,,,,,,
331,1,1,3,T1,21,78.2086113,,,,,,,,,,,,,,,,,,,,,,,,,,,,,,,,,,,,
337,1,4,1,T1,99,85.27755267,,,,,,,,,,,,,,,,,,,,,,,,,,,,,,,,,,,,
337,1,4,2,T1,102,85.09217914,,,,,,,,,,,,,,,,,,,,,,,,,,,,,,,,,,,,
337,1,4,3,T1,104,83.08539192,,,,,,,,,,,,,,,,,,,,,,,,,,,,,,,,,,,,
367,1,1,1,T1,26,86.66208543,,,,,,,,,,,,,,,,,,,,,,,,,,,,,,,,,,,,
367,1,1,2,T1,32,83.43444724,,,,,,,,,,,,,,,,,,,,,,,,,,,,,,,,,,,,
367,1,1,3,T1,34,86.24240643,,,,,,,,,,,,,,,,,,,,,,,,,,,,,,,,,,,,
377,1,4,1,T1,122,83.9858546,,,,,,,,,,,,,,,,,,,,,,,,,,,,,,,,,,,,
377,1,4,2,T1,125,83.78389152,,,,,,,,,,,,,,,,,,,,,,,,,,,,,,,,,,,,
377,1,4,3,T1,130,81.55794165,,,,,,,,,,,,,,,,,,,,,,,,,,,,,,,,,,,,
398,1,2,1,T1,206,87.72306378,,,,,,,,,,,,,,,,,,,,,,,,,,,,,,,,,,,,
398,1,2,2,T1,208,79.30979499,,,,,,,,,,,,,,,,,,,,,,,,,,,,,,,,,,,,
398,1,2,3,T1,212,79.95284738,,,,,,,,,,,,,,,,,,,,,,,,,,,,,,,,,,,,
399,1,3,1,T1,75,86.80474291,,,,,,,,,,,,,,,,,,,,,,,,,,,,,,,,,,,,
399,1,3,2,T1,76,86.41846986,,,,,,,,,,,,,,,,,,,,,,,,,,,,,,,,,,,,
399,1,3,3,T1,81,84.75347759,,,,,,,,,,,,,,,,,,,,,,,,,,,,,,,,,,,,
2825,1,3,1,T1,86,80.22985115,,,,,,,,,,,,,,,,,,,,,,,,,,,,,,,,,,,,
2825,1,3,2,T1,90,82.53901018,,,,,,,,,,,,,,,,,,,,,,,,,,,,,,,,,,,,
2825,1,3,3,T1,93,87.91793795,,,,,,,,,,,,,,,,,,,,,,,,,,,,,,,,,,,,
3166,2,1,1,T1,159,77.56062139,,,,,,,,,,,,,,,,,,,,,,,,,,,,,,,,,,,,
3166,2,1,2,T1,163,85.83399031,,,,,,,,,,,,,,,,,,,,,,,,,,,,,,,,,,,,
3166,2,1,3,T1,167,83.95414206,,,,,,,,,,,,,,,,,,,,,,,,,,,,,,,,,,,,
3565,2,3,1,T1,228,85.68021783,,,,,,,,,,,,,,,,,,,,,,,,,,,,,,,,,,,,
3565,2,3,2,T1,235,89.12176949,,,,,,,,,,,,,,,,,,,,,,,,,,,,,,,,,,,,
3565,2,3,3,T1,238,88.63623927,,,,,,,,,,,,,,,,,,,,,,,,,,,,,,,,,,,,
3617,2,3,1,T1,242,88.65843558,,,,,,,,,,,,,,,,,,,,,,,,,,,,,,,,,,,,
3617,2,3,2,T1,244,89.03570552,,,,,,,,,,,,,,,,,,,,,,,,,,,,,,,,,,,,
3617,2,3,3,T1,248,88.28116564,,,,,,,,,,,,,,,,,,,,,,,,,,,,,,,,,,,,
4045,1,2,1,T1,288,61.50770803,,,,,,,,,,,,,,,,,,,,,,,,,,,,,,,,,,,,
4045,1,2,2,T1,43,54.51298796,,,,,,,,,,,,,,,,,,,,,,,,,,,,,,,,,,,,
4045,1,2,3,T1,45,52.70781983,,,,,,,,,,,,,,,,,,,,,,,,,,,,,,,,,,,,
4245,2,2,1,T1,180,52.20515034,,,,,,,,,,,,,,,,,,,,,,,,,,,,,,,,,,,,
4245,2,2,2,T1,187,63.14862936,,,,,,,,,,,,,,,,,,,,,,,,,,,,,,,,,,,,
4245,2,2,3,T1,188,57.1164404,,,,,,,,,,,,,,,,,,,,,,,,,,,,,,,,,,,,
4455,1,4,1,T1,108,77.32283232,,,,,,,,,,,,,,,,,,,,,,,,,,,,,,,,,,,,
4455,1,4,2,T1,114,80.29582313,,,,,,,,,,,,,,,,,,,,,,,,,,,,,,,,,,,,
4455,1,4,3,T1,119,79.74087517,,,,,,,,,,,,,,,,,,,,,,,,,,,,,,,,,,,,
BA0104,2,2,1,T1,171,52.53576747,,,,,,,,,,,,,,,,,,,,,,,,,,,,,,,,,,,,
BA0104,2,2,2,T1,172,54.83181558,,,,,,,,,,,,,,,,,,,,,,,,,,,,,,,,,,,,
BA0104,2,2,3,T1,177,50.56772623,,,,,,,,,,,,,,,,,,,,,,,,,,,,,,,,,,,,
175,2,4,1,T2,267,65.56000614,,,,,,,,,,,,,,,,,,,,,,,,,,,,,,,,,,,,
175,2,4,2,T2,269,70.34739353,,,,,,,,,,,,,,,,,,,,,,,,,,,,,,,,,,,,
175,2,4,3,T2,275,69.25935094,,,,,,,,,,,,,,,,,,,,,,,,,,,,,,,,,,,,
211,2,1,1,T2,134,77.55763032,,,,,,,,,,,,,,,,,,,,,,,,,,,,,,,,,,,,
211,2,1,2,T2,139,73.04641126,,,,,,,,,,,,,,,,,,,,,,,,,,,,,,,,,,,,
211,2,1,3,T2,140,68.58219498,,,,,,,,,,,,,,,,,,,,,,,,,,,,,,,,,,,,
224,2,4,1,T2,276,66.06281476,,,,,,,,,,,,,,,,,,,,,,,,,,,,,,,,,,,,
224,2,4,2,T2,283,72.03349065,,,,,,,,,,,,,,,,,,,,,,,,,,,,,,,,,,,,
224,2,4,3,T2,286,71.87065403,,,,,,,,,,,,,,,,,,,,,,,,,,,,,,,,,,,,
225,2,2,1,T2,194,69.66936788,,,,,,,,,,,,,,,,,,,,,,,,,,,,,,,,,,,,
225,2,2,2,T2,196,71.75928815,,,,,,,,,,,,,,,,,,,,,,,,,,,,,,,,,,,,
225,2,2,3,T2,201,72.13440205,,,,,,,,,,,,,,,,,,,,,,,,,,,,,,,,,,,,
237,2,4,1,T2,253,63.71033374,,,,,,,,,,,,,,,,,,,,,,,,,,,,,,,,,,,,
237,2,4,2,T2,259,63.71033374,,,,,,,,,,,,,,,,,,,,,,,,,,,,,,,,,,,,
237,2,4,3,T2,262,66.64804873,,,,,,,,,,,,,,,,,,,,,,,,,,,,,,,,,,,,
253,2,3,1,T2,216,65.8314,,,,,,,,,,,,,,,,,,,,,,,,,,,,,,,,,,,,
253,2,3,2,T2,223,66.2634,,,,,,,,,,,,,,,,,,,,,,,,,,,,,,,,,,,,
253,2,3,3,T2,227,64.2114,,,,,,,,,,,,,,,,,,,,,,,,,,,,,,,,,,,,
273,2,1,1,T2,145,80.27855292,,,,,,,,,,,,,,,,,,,,,,,,,,,,,,,,,,,,
273,2,1,2,T2,149,70.78741025,,,,,,,,,,,,,,,,,,,,,,,,,,,,,,,,,,,,
273,2,1,3,T2,152,68.38140919,,,,,,,,,,,,,,,,,,,,,,,,,,,,,,,,,,,,
305,1,2,1,T2,51,45.51943289,,,,,,,,,,,,,,,,,,,,,,,,,,,,,,,,,,,,
305,1,2,2,T2,55,41.79982707,,,,,,,,,,,,,,,,,,,,,,,,,,,,,,,,,,,,
305,1,2,3,T2,57,49.05622695,,,,,,,,,,,,,,,,,,,,,,,,,,,,,,,,,,,,
309,1,3,1,T2,61,78.86446318,,,,,,,,,,,,,,,,,,,,,,,,,,,,,,,,,,,,
309,1,3,2,T2,66,74.61180384,,,,,,,,,,,,,,,,,,,,,,,,,,,,,,,,,,,,
309,1,3,3,T2,70,73.38653047,,,,,,,,,,,,,,,,,,,,,,,,,,,,,,,,,,,,
327,1,1,1,T2,4,63.18141689,,,,,,,,,,,,,,,,,,,,,,,,,,,,,,,,,,,,
327,1,1,2,T2,8,68.1627378,,,,,,,,,,,,,,,,,,,,,,,,,,,,,,,,,,,,
327,1,1,3,T2,12,75.07890535,,,,,,,,,,,,,,,,,,,,,,,,,,,,,,,,,,,,
331,1,1,1,T2,15,64.70658381,,,,,,,,,,,,,,,,,,,,,,,,,,,,,,,,,,,,
331,1,1,2,T2,19,70.60861836,,,,,,,,,,,,,,,,,,,,,,,,,,,,,,,,,,,,
331,1,1,3,T2,23,67.8124504,,,,,,,,,,,,,,,,,,,,,,,,,,,,,,,,,,,,
337,1,4,1,T2,97,66.87367508,,,,,,,,,,,,,,,,,,,,,,,,,,,,,,,,,,,,
337,1,4,2,T2,101,79.28502676,,,,,,,,,,,,,,,,,,,,,,,,,,,,,,,,,,,,
337,1,4,3,T2,106,75.65201156,,,,,,,,,,,,,,,,,,,,,,,,,,,,,,,,,,,,
367,1,1,1,T2,27,78.49078141,,,,,,,,,,,,,,,,,,,,,,,,,,,,,,,,,,,,
367,1,1,2,T2,30,80.05080653,,,,,,,,,,,,,,,,,,,,,,,,,,,,,,,,,,,,
367,1,1,3,T2,33,76.1776407,,,,,,,,,,,,,,,,,,,,,,,,,,,,,,,,,,,,
377,1,4,1,T2,120,68.25420873,,,,,,,,,,,,,,,,,,,,,,,,,,,,,,,,,,,,
377,1,4,2,T2,127,73.16867783,,,,,,,,,,,,,,,,,,,,,,,,,,,,,,,,,,,,
377,1,4,3,T2,129,76.28549619,,,,,,,,,,,,,,,,,,,,,,,,,,,,,,,,,,,,
398,1,2,1,T2,204,74.70661162,,,,,,,,,,,,,,,,,,,,,,,,,,,,,,,,,,,,
398,1,2,2,T2,211,79.58309226,,,,,,,,,,,,,,,,,,,,,,,,,,,,,,,,,,,,
398,1,2,3,T2,213,65.11441344,,,,,,,,,,,,,,,,,,,,,,,,,,,,,,,,,,,,
399,1,3,1,T2,74,76.37785741,,,,,,,,,,,,,,,,,,,,,,,,,,,,,,,,,,,,
399,1,3,2,T2,78,81.58999227,,,,,,,,,,,,,,,,,,,,,,,,,,,,,,,,,,,,
399,1,3,3,T2,83,77.36197589,,,,,,,,,,,,,,,,,,,,,,,,,,,,,,,,,,,,
2825,1,3,1,T2,87,.,,,,,,,,,,,,,,,,,,,,,,,,,,,,,,,,,,,,
2825,1,3,2,T2,89,80.48763304,,,,,,,,,,,,,,,,,,,,,,,,,,,,,,,,,,,,
2825,1,3,3,T2,92,77.9719676,,,,,,,,,,,,,,,,,,,,,,,,,,,,,,,,,,,,
3166,2,1,1,T2,157,72.52830578,,,,,,,,,,,,,,,,,,,,,,,,,,,,,,,,,,,,
3166,2,1,2,T2,160,78.29816517,,,,,,,,,,,,,,,,,,,,,,,,,,,,,,,,,,,,
3166,2,1,3,T2,164,76.89910615,,,,,,,,,,,,,,,,,,,,,,,,,,,,,,,,,,,,
3565,2,3,1,T2,229,75.90995269,,,,,,,,,,,,,,,,,,,,,,,,,,,,,,,,,,,,
3565,2,3,2,T2,234,85.68560992,,,,,,,,,,,,,,,,,,,,,,,,,,,,,,,,,,,,
3565,2,3,3,T2,239,81.52052414,,,,,,,,,,,,,,,,,,,,,,,,,,,,,,,,,,,,
3617,2,3,1,T2,240,82.04752532,,,,,,,,,,,,,,,,,,,,,,,,,,,,,,,,,,,,
3617,2,3,2,T2,247,83.65152454,,,,,,,,,,,,,,,,,,,,,,,,,,,,,,,,,,,,
3617,2,3,3,T2,251,91.73588037,,,,,,,,,,,,,,,,,,,,,,,,,,,,,,,,,,,,
4045,1,2,1,T2,37,43.64426304,,,,,,,,,,,,,,,,,,,,,,,,,,,,,,,,,,,,
4045,1,2,2,T2,41,32.78699556,,,,,,,,,,,,,,,,,,,,,,,,,,,,,,,,,,,,
4045,1,2,3,T2,44,42.44269404,,,,,,,,,,,,,,,,,,,,,,,,,,,,,,,,,,,,
4245,2,2,1,T2,181,48.96334479,,,,,,,,,,,,,,,,,,,,,,,,,,,,,,,,,,,,
4245,2,2,2,T2,186,58.54005857,,,,,,,,,,,,,,,,,,,,,,,,,,,,,,,,,,,,
4245,2,2,3,T2,189,36.32323862,,,,,,,,,,,,,,,,,,,,,,,,,,,,,,,,,,,,
4455,1,4,1,T2,111,70.16122153,,,,,,,,,,,,,,,,,,,,,,,,,,,,,,,,,,,,
4455,1,4,2,T2,113,60.64066146,,,,,,,,,,,,,,,,,,,,,,,,,,,,,,,,,,,,
4455,1,4,3,T2,116,68.56861738,,,,,,,,,,,,,,,,,,,,,,,,,,,,,,,,,,,,
BA0104,2,2,1,T2,169,40.51431558,,,,,,,,,,,,,,,,,,,,,,,,,,,,,,,,,,,,
BA0104,2,2,2,T2,173,37.99959622,,,,,,,,,,,,,,,,,,,,,,,,,,,,,,,,,,,,
BA0104,2,2,3,T2,176,37.17957904,,,,,,,,,,,,,,,,,,,,,,,,,,,,,,,,,,,,
175,2,4,1,T3,264,49.88131245,,,,,,,,,,,,,,,,,,,,,,,,,,,,,,,,,,,,
175,2,4,2,T3,268,55.64793817,,,,,,,,,,,,,,,,,,,,,,,,,,,,,,,,,,,,
175,2,4,3,T3,273,50.09892097,,,,,,,,,,,,,,,,,,,,,,,,,,,,,,,,,,,,
211,2,1,1,T3,135,55.0469978,,,,,,,,,,,,,,,,,,,,,,,,,,,,,,,,,,,,
211,2,1,2,T3,137,55.2902956,,,,,,,,,,,,,,,,,,,,,,,,,,,,,,,,,,,,
211,2,1,3,T3,141,.,,,,,,,,,,,,,,,,,,,,,,,,,,,,,,,,,,,,
224,2,4,1,T3,279,59.37565777,,,,,,,,,,,,,,,,,,,,,,,,,,,,,,,,,,,,
224,2,4,2,T3,282,61.54681263,,,,,,,,,,,,,,,,,,,,,,,,,,,,,,,,,,,,
224,2,4,3,T3,287,63.7179675,,,,,,,,,,,,,,,,,,,,,,,,,,,,,,,,,,,,
225,2,2,1,T3,192,60.49515376,,,,,,,,,,,,,,,,,,,,,,,,,,,,,,,,,,,,
225,2,2,2,T3,199,64.62140661,,,,,,,,,,,,,,,,,,,,,,,,,,,,,,,,,,,,
225,2,2,3,T3,200,68.85483485,,,,,,,,,,,,,,,,,,,,,,,,,,,,,,,,,,,,
237,2,4,1,T3,254,58.20483825,,,,,,,,,,,,,,,,,,,,,,,,,,,,,,,,,,,,
237,2,4,2,T3,257,65.00510442,,,,,,,,,,,,,,,,,,,,,,,,,,,,,,,,,,,,
237,2,4,3,T3,260,47.97723792,,,,,,,,,,,,,,,,,,,,,,,,,,,,,,,,,,,,
253,2,3,1,T3,219,55.42488756,,,,,,,,,,,,,,,,,,,,,,,,,,,,,,,,,,,,
253,2,3,2,T3,220,45.17001499,,,,,,,,,,,,,,,,,,,,,,,,,,,,,,,,,,,,
253,2,3,3,T3,226,48.7026,,,,,,,,,,,,,,,,,,,,,,,,,,,,,,,,,,,,
273,2,1,1,T3,144,63.42684672,,,,,,,,,,,,,,,,,,,,,,,,,,,,,,,,,,,,
273,2,1,2,T3,151,62.52480276,,,,,,,,,,,,,,,,,,,,,,,,,,,,,,,,,,,,
273,2,1,3,T3,155,63.79429317,,,,,,,,,,,,,,,,,,,,,,,,,,,,,,,,,,,,
305,1,2,1,T3,48,19.8204268,,,,,,,,,,,,,,,,,,,,,,,,,,,,,,,,,,,,
305,1,2,2,T3,52,32.12204369,,,,,,,,,,,,,,,,,,,,,,,,,,,,,,,,,,,,
305,1,2,3,T3,58,29.66330586,,,,,,,,,,,,,,,,,,,,,,,,,,,,,,,,,,,,
309,1,3,1,T3,63,70.97294279,,,,,,,,,,,,,,,,,,,,,,,,,,,,,,,,,,,,
309,1,3,2,T3,65,61.77341038,,,,,,,,,,,,,,,,,,,,,,,,,,,,,,,,,,,,
309,1,3,3,T3,71,69.18760396,,,,,,,,,,,,,,,,,,,,,,,,,,,,,,,,,,,,
327,1,1,1,T3,3,53.14694437,,,,,,,,,,,,,,,,,,,,,,,,,,,,,,,,,,,,
327,1,1,2,T3,5,63.61357185,,,,,,,,,,,,,,,,,,,,,,,,,,,,,,,,,,,,
327,1,1,3,T3,11,56.13816577,,,,,,,,,,,,,,,,,,,,,,,,,,,,,,,,,,,,
331,1,1,1,T3,16,45.59139091,,,,,,,,,,,,,,,,,,,,,,,,,,,,,,,,,,,,
331,1,1,2,T3,18,62.8546295,,,,,,,,,,,,,,,,,,,,,,,,,,,,,,,,,,,,
331,1,1,3,T3,24,53.50356953,,,,,,,,,,,,,,,,,,,,,,,,,,,,,,,,,,,,
337,1,4,1,T3,96,49.82637763,,,,,,,,,,,,,,,,,,,,,,,,,,,,,,,,,,,,
337,1,4,2,T3,103,57.57077234,,,,,,,,,,,,,,,,,,,,,,,,,,,,,,,,,,,,
337,1,4,3,T3,107,60.58716277,,,,,,,,,,,,,,,,,,,,,,,,,,,,,,,,,,,,
367,1,1,1,T3,28,64.46135977,,,,,,,,,,,,,,,,,,,,,,,,,,,,,,,,,,,,
367,1,1,2,T3,29,65.51567588,,,,,,,,,,,,,,,,,,,,,,,,,,,,,,,,,,,,
367,1,1,3,T3,36,58.17061067,,,,,,,,,,,,,,,,,,,,,,,,,,,,,,,,,,,,
377,1,4,1,T3,121,51.52208266,,,,,,,,,,,,,,,,,,,,,,,,,,,,,,,,,,,,
377,1,4,2,T3,126,49.64242018,,,,,,,,,,,,,,,,,,,,,,,,,,,,,,,,,,,,
377,1,4,3,T3,131,58.77369474,,,,,,,,,,,,,,,,,,,,,,,,,,,,,,,,,,,,
398,1,2,1,T3,205,56.52966401,,,,,,,,,,,,,,,,,,,,,,,,,,,,,,,,,,,,
398,1,2,2,T3,209,53.52875285,,,,,,,,,,,,,,,,,,,,,,,,,,,,,,,,,,,,
398,1,2,3,T3,214,49.0273861,,,,,,,,,,,,,,,,,,,,,,,,,,,,,,,,,,,,
399,1,3,1,T3,72,61.67787274,,,,,,,,,,,,,,,,,,,,,,,,,,,,,,,,,,,,
399,1,3,2,T3,79,68.81570807,,,,,,,,,,,,,,,,,,,,,,,,,,,,,,,,,,,,
399,1,3,3,T3,82,76.85282071,,,,,,,,,,,,,,,,,,,,,,,,,,,,,,,,,,,,
2825,1,3,1,T3,85,64.21826145,,,,,,,,,,,,,,,,,,,,,,,,,,,,,,,,,,,,
2825,1,3,2,T3,91,70.17881586,,,,,,,,,,,,,,,,,,,,,,,,,,,,,,,,,,,,
2825,1,3,3,T3,94,69.38027217,,,,,,,,,,,,,,,,,,,,,,,,,,,,,,,,,,,,
3166,2,1,1,T3,158,63.24263066,,,,,,,,,,,,,,,,,,,,,,,,,,,,,,,,,,,,
3166,2,1,2,T3,161,70.88806818,,,,,,,,,,,,,,,,,,,,,,,,,,,,,,,,,,,,
3166,2,1,3,T3,166,65.97510167,,,,,,,,,,,,,,,,,,,,,,,,,,,,,,,,,,,,
3565,2,3,1,T3,231,74.18968642,,,,,,,,,,,,,,,,,,,,,,,,,,,,,,,,,,,,
3565,2,3,2,T3,233,66.91037275,,,,,,,,,,,,,,,,,,,,,,,,,,,,,,,,,,,,
3565,2,3,3,T3,236,.,,,,,,,,,,,,,,,,,,,,,,,,,,,,,,,,,,,,
3617,2,3,1,T3,241,68.81942638,,,,,,,,,,,,,,,,,,,,,,,,,,,,,,,,,,,,
3617,2,3,2,T3,246,72.10706442,,,,,,,,,,,,,,,,,,,,,,,,,,,,,,,,,,,,
3617,2,3,3,T3,249,78.62844479,,,,,,,,,,,,,,,,,,,,,,,,,,,,,,,,,,,,
4045,1,2,1,T3,38,.,,,,,,,,,,,,,,,,,,,,,,,,,,,,,,,,,,,,
4045,1,2,2,T3,42,24.36457806,,,,,,,,,,,,,,,,,,,,,,,,,,,,,,,,,,,,
4045,1,2,3,T3,46,.,,,,,,,,,,,,,,,,,,,,,,,,,,,,,,,,,,,,
4245,2,2,1,T3,183,.,,,,,,,,,,,,,,,,,,,,,,,,,,,,,,,,,,,,
4245,2,2,2,T3,185,37.26121355,,,,,,,,,,,,,,,,,,,,,,,,,,,,,,,,,,,,
4245,2,2,3,T3,190,21.47683571,,,,,,,,,,,,,,,,,,,,,,,,,,,,,,,,,,,,
4455,1,4,1,T3,110,44.99476546,,,,,,,,,,,,,,,,,,,,,,,,,,,,,,,,,,,,
4455,1,4,2,T3,115,46.65143566,,,,,,,,,,,,,,,,,,,,,,,,,,,,,,,,,,,,
4455,1,4,3,T3,118,53.47257309,,,,,,,,,,,,,,,,,,,,,,,,,,,,,,,,,,,,
BA0104,2,2,1,T3,168,26.0164118,,,,,,,,,,,,,,,,,,,,,,,,,,,,,,,,,,,,
BA0104,2,2,2,T3,175,20.6042984,,,,,,,,,,,,,,,,,,,,,,,,,,,,,,,,,,,,
BA0104,2,2,3,T3,178,31.31918958,,,,,,,,,,,,,,,,,,,,,,,,,,,,,,,,,,,,
175,2,4,1,T4,265,26.11302211,,,,,,,,,,,,,,,,,,,,,,,,,,,,,,,,,,,,
175,2,4,2,T4,270,16.04862817,,,,,,,,,,,,,,,,,,,,,,,,,,,,,,,,,,,,
175,2,4,3,T4,272,26.98345618,,,,,,,,,,,,,,,,,,,,,,,,,,,,,,,,,,,,
211,2,1,1,T4,133,36.53789163,,,,,,,,,,,,,,,,,,,,,,,,,,,,,,,,,,,,
211,2,1,2,T4,136,33.8111369,,,,,,,,,,,,,,,,,,,,,,,,,,,,,,,,,,,,
211,2,1,3,T4,143,40.97177576,,,,,,,,,,,,,,,,,,,,,,,,,,,,,,,,,,,,
224,2,4,1,T4,278,11.01861096,,,,,,,,,,,,,,,,,,,,,,,,,,,,,,,,,,,,
224,2,4,2,T4,280,20.57169238,,,,,,,,,,,,,,,,,,,,,,,,,,,,,,,,,,,,
224,2,4,3,T4,285,11.56139967,,,,,,,,,,,,,,,,,,,,,,,,,,,,,,,,,,,,
225,2,2,1,T4,193,26.15079727,,,,,,,,,,,,,,,,,,,,,,,,,,,,,,,,,,,,
225,2,2,2,T4,197,34.51047836,,,,,,,,,,,,,,,,,,,,,,,,,,,,,,,,,,,,
225,2,2,3,T4,203,30.43781321,,,,,,,,,,,,,,,,,,,,,,,,,,,,,,,,,,,,
237,2,4,1,T4,255,16.37504095,,,,,,,,,,,,,,,,,,,,,,,,,,,,,,,,,,,,
237,2,4,2,T4,256,23.5017199,,,,,,,,,,,,,,,,,,,,,,,,,,,,,,,,,,,,
237,2,4,3,T4,261,21.10802621,,,,,,,,,,,,,,,,,,,,,,,,,,,,,,,,,,,,
253,2,3,1,T4,217,21.91304348,,,,,,,,,,,,,,,,,,,,,,,,,,,,,,,,,,,,
253,2,3,2,T4,221,30.8185907,,,,,,,,,,,,,,,,,,,,,,,,,,,,,,,,,,,,
253,2,3,3,T4,225,42.336,,,,,,,,,,,,,,,,,,,,,,,,,,,,,,,,,,,,
273,2,1,1,T4,147,33.26868218,,,,,,,,,,,,,,,,,,,,,,,,,,,,,,,,,,,,
273,2,1,2,T4,148,41.05367836,,,,,,,,,,,,,,,,,,,,,,,,,,,,,,,,,,,,
273,2,1,3,T4,153,35.7668709,,,,,,,,,,,,,,,,,,,,,,,,,,,,,,,,,,,,
305,1,2,1,T4,49,11.85302444,,,,,,,,,,,,,,,,,,,,,,,,,,,,,,,,,,,,
305,1,2,2,T4,54,.,,,,,,,,,,,,,,,,,,,,,,,,,,,,,,,,,,,,
305,1,2,3,T4,59,16.93543148,,,,,,,,,,,,,,,,,,,,,,,,,,,,,,,,,,,,
309,1,3,1,T4,60,24.62799951,,,,,,,,,,,,,,,,,,,,,,,,,,,,,,,,,,,,
309,1,3,2,T4,64,42.47353927,,,,,,,,,,,,,,,,,,,,,,,,,,,,,,,,,,,,
309,1,3,3,T4,69,36.61525197,,,,,,,,,,,,,,,,,,,,,,,,,,,,,,,,,,,,
327,1,1,1,T4,2,41.00538981,,,,,,,,,,,,,,,,,,,,,,,,,,,,,,,,,,,,
327,1,1,2,T4,6,37.10712735,,,,,,,,,,,,,,,,,,,,,,,,,,,,,,,,,,,,
327,1,1,3,T4,9,41.5719959,,,,,,,,,,,,,,,,,,,,,,,,,,,,,,,,,,,,
331,1,1,1,T4,13,31.13425484,,,,,,,,,,,,,,,,,,,,,,,,,,,,,,,,,,,,
331,1,1,2,T4,17,29.683882,,,,,,,,,,,,,,,,,,,,,,,,,,,,,,,,,,,,
331,1,1,3,T4,22,32.99650099,,,,,,,,,,,,,,,,,,,,,,,,,,,,,,,,,,,,
337,1,4,1,T4,98,26.63232085,,,,,,,,,,,,,,,,,,,,,,,,,,,,,,,,,,,,
337,1,4,2,T4,100,31.71340864,,,,,,,,,,,,,,,,,,,,,,,,,,,,,,,,,,,,
337,1,4,3,T4,105,24.55423421,,,,,,,,,,,,,,,,,,,,,,,,,,,,,,,,,,,,
367,1,1,1,T4,25,27.54251256,,,,,,,,,,,,,,,,,,,,,,,,,,,,,,,,,,,,
367,1,1,2,T4,31,41.83079315,,,,,,,,,,,,,,,,,,,,,,,,,,,,,,,,,,,,
367,1,1,3,T4,35,30.01703518,,,,,,,,,,,,,,,,,,,,,,,,,,,,,,,,,,,,
377,1,4,1,T4,123,20.18435981,,,,,,,,,,,,,,,,,,,,,,,,,,,,,,,,,,,,
377,1,4,2,T4,124,18.91774309,,,,,,,,,,,,,,,,,,,,,,,,,,,,,,,,,,,,
377,1,4,3,T4,128,31.99159691,,,,,,,,,,,,,,,,,,,,,,,,,,,,,,,,,,,,
398,1,2,1,T4,207,29.04453303,,,,,,,,,,,,,,,,,,,,,,,,,,,,,,,,,,,,
398,1,2,2,T4,210,31.4559795,,,,,,,,,,,,,,,,,,,,,,,,,,,,,,,,,,,,
398,1,2,3,T4,215,28.61583144,,,,,,,,,,,,,,,,,,,,,,,,,,,,,,,,,,,,
399,1,3,1,T4,73,40.43007405,,,,,,,,,,,,,,,,,,,,,,,,,,,,,,,,,,,,
399,1,3,2,T4,77,47.80139104,,,,,,,,,,,,,,,,,,,,,,,,,,,,,,,,,,,,
399,1,3,3,T4,80,48.44590417,,,,,,,,,,,,,,,,,,,,,,,,,,,,,,,,,,,,
2825,1,3,1,T4,84,43.86963537,,,,,,,,,,,,,,,,,,,,,,,,,,,,,,,,,,,,
2825,1,3,2,T4,88,50.3718878,,,,,,,,,,,,,,,,,,,,,,,,,,,,,,,,,,,,
2825,1,3,3,T4,95,37.10764869,,,,,,,,,,,,,,,,,,,,,,,,,,,,,,,,,,,,
3166,2,1,1,T4,156,38.91135453,,,,,,,,,,,,,,,,,,,,,,,,,,,,,,,,,,,,
3166,2,1,2,T4,162,43.48781395,,,,,,,,,,,,,,,,,,,,,,,,,,,,,,,,,,,,
3166,2,1,3,T4,165,39.1733636,,,,,,,,,,,,,,,,,,,,,,,,,,,,,,,,,,,,
3565,2,3,1,T4,230,27.29758799,,,,,,,,,,,,,,,,,,,,,,,,,,,,,,,,,,,,
3565,2,3,2,T4,232,.,,,,,,,,,,,,,,,,,,,,,,,,,,,,,,,,,,,,
3565,2,3,3,T4,237,48.0674919,,,,,,,,,,,,,,,,,,,,,,,,,,,,,,,,,,,,
3617,2,3,1,T4,243,46.02693252,,,,,,,,,,,,,,,,,,,,,,,,,,,,,,,,,,,,
3617,2,3,2,T4,245,55.88984663,,,,,,,,,,,,,,,,,,,,,,,,,,,,,,,,,,,,
3617,2,3,3,T4,250,62.89628834,,,,,,,,,,,,,,,,,,,,,,,,,,,,,,,,,,,,
4045,1,2,1,T4,39,.,,,,,,,,,,,,,,,,,,,,,,,,,,,,,,,,,,,,
4045,1,2,2,T4,40,14.41954864,,,,,,,,,,,,,,,,,,,,,,,,,,,,,,,,,,,,
4045,1,2,3,T4,47,.,,,,,,,,,,,,,,,,,,,,,,,,,,,,,,,,,,,,
4245,2,2,1,T4,182,16.61486118,,,,,,,,,,,,,,,,,,,,,,,,,,,,,,,,,,,,
4245,2,2,2,T4,184,.,,,,,,,,,,,,,,,,,,,,,,,,,,,,,,,,,,,,
4245,2,2,3,T4,191,.,,,,,,,,,,,,,,,,,,,,,,,,,,,,,,,,,,,,
4455,1,4,1,T4,109,25.65052843,,,,,,,,,,,,,,,,,,,,,,,,,,,,,,,,,,,,
4455,1,4,2,T4,112,28.87735397,,,,,,,,,,,,,,,,,,,,,,,,,,,,,,,,,,,,
4455,1,4,3,T4,117,19.84921161,,,,,,,,,,,,,,,,,,,,,,,,,,,,,,,,,,,,
BA0104,2,2,1,T4,170,13.88562428,,,,,,,,,,,,,,,,,,,,,,,,,,,,,,,,,,,,
BA0104,2,2,2,T4,174,18.04037801,,,,,,,,,,,,,,,,,,,,,,,,,,,,,,,,,,,,
BA0104,2,2,3,T4,179,15.03364834,,,,,,,,,,,,,,,,,,,,,,,,,,,,,,,,,,,,
