Site ID,Basin ID,Wetland Type,Plot,Sampling Event,Bag ID,Mass Remaining (%),,,,,
175,2,4,1,T1,553,97.10057397,,,,,
175,2,4,2,T1,556,89.7967239,,,,,
175,2,4,3,T1,560,87.76313948,,,,,
211,2,1,1,T1,420,91.87116862,,,,,
211,2,1,2,T1,427,87.96370005,,,,,
211,2,1,3,T1,429,85.52972607,,,,,
224,2,4,1,T1,567,96.96506679,,,,,
224,2,4,2,T1,571,81.39627448,,,,,
224,2,4,3,T1,574,93.5925126,,,,,
225,2,2,1,T1,481,96.88479492,,,,,
225,2,2,2,T1,486,88.15394106,,,,,
225,2,2,3,T1,489,79.94736632,,,,,
237,2,4,1,T1,541,97.96369018,,,,,
237,2,4,2,T1,547,89.15777742,,,,,
237,2,4,3,T1,549,77.35555644,,,,,
253,2,3,1,T1,507,85.76021463,,,,,
253,2,3,2,T1,508,84.07341622,,,,,
253,2,3,3,T1,512,84.56448292,,,,,
273,2,1,1,T1,434,100,,,,,
273,2,1,2,T1,437,91.01978083,,,,,
273,2,1,3,T1,441,88.52027593,,,,,
305,1,2,1,T1,337,91.27453953,,,,,
305,1,2,2,T1,342,82.78112749,,,,,
305,1,2,3,T1,346,82.19342453,,,,,
309,1,3,1,T1,351,100,,,,,
309,1,3,2,T1,354,92.13380296,,,,,
309,1,3,3,T1,358,95.99232061,,,,,
327,1,1,1,T1,292,100,,,,,
327,1,1,2,T1,294,82.49848374,,,,,
327,1,1,3,T1,297,87.80454532,,,,,
331,1,1,1,T1,303,84.54179653,,,,,
331,1,1,2,T1,305,97.64200854,,,,,
331,1,1,3,T1,312,89.86325575,,,,,
337,1,4,1,T1,387,89.6388173,,,,,
337,1,4,2,T1,390,88.94991344,,,,,
337,1,4,3,T1,395,86.57575879,,,,,
367,1,1,1,T1,314,87.70401332,,,,,
367,1,1,2,T1,319,87.21023669,,,,,
367,1,1,3,T1,322,88.19970442,,,,,
377,1,4,1,T1,409,87.82207468,,,,,
377,1,4,2,T1,412,95.52003158,,,,,
377,1,4,3,T1,416,83.96473481,,,,,
398,1,2,1,T1,495,100,,,,,
398,1,2,2,T1,499,85.1775195,,,,,
398,1,2,3,T1,502,100,,,,,
399,1,3,1,T1,362,100,,,,,
399,1,3,2,T1,366,85.56703082,,,,,
399,1,3,3,T1,369,87.32405598,,,,,
2825,1,3,1,T1,375,97.61150057,,,,,
2825,1,3,2,T1,378,85.36803773,,,,,
2825,1,3,3,T1,383,85.57603871,,,,,
3166,2,1,1,T1,446,97.63096448,,,,,
3166,2,1,2,T1,451,83.58541633,,,,,
3166,2,1,3,T1,455,82.57687847,,,,,
3565,2,3,1,T1,516,87.11548459,,,,,
3565,2,3,2,T1,521,76.64823649,,,,,
3565,2,3,3,T1,526,92.9925606,,,,,
3617,2,3,1,T1,529,96.45323681,,,,,
3617,2,3,2,T1,532,88.2178804,,,,,
3617,2,3,3,T1,538,89.19286457,,,,,
4045,1,2,1,T1,327,78.44960501,,,,,
4045,1,2,2,T1,330,69.44859013,,,,,
4045,1,2,3,T1,333,73.36815663,,,,,
4245,2,2,1,T1,469,.,,,,,
4245,2,2,2,T1,475,93.93408693,,,,,
4245,2,2,3,T1,478,80.79353652,,,,,
4455,1,4,1,T1,398,90.51877501,,,,,
4455,1,4,2,T1,401,93.81424779,,,,,
4455,1,4,3,T1,407,86.37581477,,,,,
BA0104,2,2,1,T1,456,78.90112128,,,,,
BA0104,2,2,2,T1,460,69.074403,,,,,
BA0104,2,2,3,T1,467,63.18230895,,,,,
175,2,4,1,T2,554,99.63530878,,,,,
175,2,4,2,T2,559,92.60070053,,,,,
175,2,4,3,T2,563,88.0353501,,,,,
211,2,1,1,T2,422,83.25572092,,,,,
211,2,1,2,T2,425,80.50060879,,,,,
211,2,1,3,T2,430,78.2537397,,,,,
224,2,4,1,T2,565,92.63394757,,,,,
224,2,4,2,T2,569,84.29309966,,,,,
224,2,4,3,T2,575,83.23669373,,,,,
225,2,2,1,T2,483,78.92956437,,,,,
225,2,2,2,T2,484,77.02782712,,,,,
225,2,2,3,T2,491,89.63490223,,,,,
237,2,4,1,T2,542,92.30759842,,,,,
237,2,4,2,T2,545,81.89784227,,,,,
237,2,4,3,T2,550,83.65330774,,,,,
253,2,3,1,T2,506,88.21270146,,,,,
253,2,3,2,T2,509,74.7120701,,,,,
253,2,3,3,T2,515,78.43803735,,,,,
273,2,1,1,T2,432,98.42104252,,,,,
273,2,1,2,T2,436,89.26386422,,,,,
273,2,1,3,T2,440,79.82647288,,,,,
305,1,2,1,T2,336,77.45279933,,,,,
305,1,2,2,T2,343,53.19614711,,,,,
305,1,2,3,T2,345,57.87710834,,,,,
309,1,3,1,T2,349,92.84972662,,,,,
309,1,3,2,T2,355,82.65005572,,,,,
309,1,3,3,T2,359,85.4360779,,,,,
327,1,1,1,T2,290,87.67102934,,,,,
327,1,1,2,T2,295,63.37724863,,,,,
327,1,1,3,T2,299,72.12053932,,,,,
331,1,1,1,T2,302,91.30671026,,,,,
331,1,1,2,T2,308,74.63406074,,,,,
331,1,1,3,T2,311,76.76802649,,,,,
337,1,4,1,T2,386,89.29030592,,,,,
337,1,4,2,T2,388,74.65956187,,,,,
337,1,4,3,T2,392,80.62613702,,,,,
367,1,1,1,T2,316,88.45115124,,,,,
367,1,1,2,T2,318,89.92954842,,,,,
367,1,1,3,T2,324,80.23431711,,,,,
377,1,4,1,T2,411,95.52136468,,,,,
377,1,4,2,T2,415,88.22241681,,,,,
377,1,4,3,T2,418,88.45292377,,,,,
398,1,2,1,T2,492,75.93962714,,,,,
398,1,2,2,T2,496,77.22518255,,,,,
398,1,2,3,T2,501,77.01662746,,,,,
399,1,3,1,T2,360,91.50368394,,,,,
399,1,3,2,T2,364,76.04104993,,,,,
399,1,3,3,T2,368,78.82689271,,,,,
2825,1,3,1,T2,373,83.57122733,,,,,
2825,1,3,2,T2,376,80.77758042,,,,,
2825,1,3,3,T2,382,81.85345172,,,,,
3166,2,1,1,T2,444,87.18033483,,,,,
3166,2,1,2,T2,449,86.68835705,,,,,
3166,2,1,3,T2,452,82.42538134,,,,,
3565,2,3,1,T2,518,89.50582682,,,,,
3565,2,3,2,T2,522,81.04988757,,,,,
3565,2,3,3,T2,524,71.23008336,,,,,
3617,2,3,1,T2,531,86.04033593,,,,,
3617,2,3,2,T2,534,83.43780471,,,,,
3617,2,3,3,T2,539,84.2364138,,,,,
4045,1,2,1,T2,672,63.84610953,,,,,
4045,1,2,2,T2,331,57.17640503,,,,,
4045,1,2,3,T2,332,57.63579297,,,,,
4245,2,2,1,T2,470,.,,,,,
4245,2,2,2,T2,472,83.54055654,,,,,
4245,2,2,3,T2,477,53.88970852,,,,,
4455,1,4,1,T2,399,90.34989446,,,,,
4455,1,4,2,T2,403,85.03821048,,,,,
4455,1,4,3,T2,405,82.00087723,,,,,
BA0104,2,2,1,T2,459,65.13897709,,,,,
BA0104,2,2,2,T2,461,61.13894489,,,,,
BA0104,2,2,3,T2,464,59.63495332,,,,,
175,2,4,1,T3,552,78.70657057,,,,,
175,2,4,2,T3,557,63.49428132,,,,,
175,2,4,3,T3,561,54.84668448,,,,,
211,2,1,1,T3,423,81.68768182,,,,,
211,2,1,2,T3,424,70.27827117,,,,,
211,2,1,3,T3,431,71.20006398,,,,,
224,2,4,1,T3,564,84.54309187,,,,,
224,2,4,2,T3,568,80.14604302,,,,,
224,2,4,3,T3,572,79.58657364,,,,,
225,2,2,1,T3,480,.,,,,,
225,2,2,2,T3,485,75.27096349,,,,,
225,2,2,3,T3,488,84.38455849,,,,,
237,2,4,1,T3,543,87.50558583,,,,,
237,2,4,2,T3,546,73.64734444,,,,,
237,2,4,3,T3,548,73.98892465,,,,,
253,2,3,1,T3,505,78.34937424,,,,,
253,2,3,2,T3,511,53.15634453,,,,,
253,2,3,3,T3,513,55.44479445,,,,,
273,2,1,1,T3,433,98.63260525,,,,,
273,2,1,2,T3,438,78.42317872,,,,,
273,2,1,3,T3,442,69.41444684,,,,,
305,1,2,1,T3,339,41.60878755,,,,,
305,1,2,2,T3,340,31.79396092,,,,,
305,1,2,3,T3,344,44.00151936,,,,,
309,1,3,1,T3,350,95.71282853,,,,,
309,1,3,2,T3,353,76.06938262,,,,,
309,1,3,3,T3,357,79.76793333,,,,,
327,1,1,1,T3,291,72.65209299,,,,,
327,1,1,2,T3,296,65.72774812,,,,,
327,1,1,3,T3,300,47.58656856,,,,,
331,1,1,1,T3,301,80.04643566,,,,,
331,1,1,2,T3,307,74.17905126,,,,,
331,1,1,3,T3,309,73.75963858,,,,,
337,1,4,1,T3,384,94.48679483,,,,,
337,1,4,2,T3,391,62.90797644,,,,,
337,1,4,3,T3,393,65.213924,,,,,
367,1,1,1,T3,315,.,,,,,
367,1,1,2,T3,317,.,,,,,
367,1,1,3,T3,321,.,,,,,
377,1,4,1,T3,408,88.21793862,,,,,
377,1,4,2,T3,414,84.19397847,,,,,
377,1,4,3,T3,417,82.95785318,,,,,
398,1,2,1,T3,494,87.73855549,,,,,
398,1,2,2,T3,497,69.4824248,,,,,
398,1,2,3,T3,503,54.40476667,,,,,
399,1,3,1,T3,363,91.81514435,,,,,
399,1,3,2,T3,367,.,,,,,
399,1,3,3,T3,370,73.01415887,,,,,
2825,1,3,1,T3,374,80.62636603,,,,,
2825,1,3,2,T3,379,77.43591785,,,,,
2825,1,3,3,T3,380,64.79278703,,,,,
3166,2,1,1,T3,447,84.05793901,,,,,
3166,2,1,2,T3,448,76.39628972,,,,,
3166,2,1,3,T3,453,75.9799035,,,,,
3565,2,3,1,T3,519,.,,,,,
3565,2,3,2,T3,520,79.15926584,,,,,
3565,2,3,3,T3,525,.,,,,,
3617,2,3,1,T3,530,89.67824353,,,,,
3617,2,3,2,T3,533,80.8598974,,,,,
3617,2,3,3,T3,537,77.57486343,,,,,
4045,1,2,1,T3,325,.,,,,,
4045,1,2,2,T3,328,.,,,,,
4045,1,2,3,T3,334,56.81545476,,,,,
4245,2,2,1,T3,468,.,,,,,
4245,2,2,2,T3,474,68.47352397,,,,,
4245,2,2,3,T3,479,37.60946935,,,,,
4455,1,4,1,T3,397,84.17540868,,,,,
4455,1,4,2,T3,400,66.92322873,,,,,
4455,1,4,3,T3,404,76.18800104,,,,,
BA0104,2,2,1,T3,457,47.49296962,,,,,
BA0104,2,2,2,T3,462,47.38025591,,,,,
BA0104,2,2,3,T3,466,48.81609471,,,,,
175,2,4,1,T4,555,85.11378085,,,,,
175,2,4,2,T4,558,59.1009492,,,,,
175,2,4,3,T4,562,47.99616031,,,,,
211,2,1,1,T4,421,66.0283903,,,,,
211,2,1,2,T4,426,43.57948779,,,,,
211,2,1,3,T4,428,62.57371904,,,,,
224,2,4,1,T4,566,69.6132484,,,,,
224,2,4,2,T4,570,55.32008039,,,,,
224,2,4,3,T4,573,64.99461701,,,,,
225,2,2,1,T4,482,58.62168287,,,,,
225,2,2,2,T4,487,42.38974686,,,,,
225,2,2,3,T4,490,61.9950404,,,,,
237,2,4,1,T4,540,85.38614495,,,,,
237,2,4,2,T4,544,56.04894415,,,,,
237,2,4,3,T4,551,73.17950974,,,,,
253,2,3,1,T4,504,45.17899821,,,,,
253,2,3,2,T4,510,51.93719778,,,,,
253,2,3,3,T4,514,.,,,,,
273,2,1,1,T4,435,78.21848721,,,,,
273,2,1,2,T4,439,59.90288171,,,,,
273,2,1,3,T4,443,66.18146919,,,,,
305,1,2,1,T4,338,22.19865197,,,,,
305,1,2,2,T4,341,18.76284956,,,,,
305,1,2,3,T4,347,14.59591314,,,,,
309,1,3,1,T4,348,64.85023667,,,,,
309,1,3,2,T4,352,58.61456483,,,,,
309,1,3,3,T4,356,68.77111613,,,,,
327,1,1,1,T4,289,46.25983549,,,,,
327,1,1,2,T4,293,29.75374912,,,,,
327,1,1,3,T4,298,38.0968387,,,,,
331,1,1,1,T4,304,55.01114863,,,,,
331,1,1,2,T4,306,41.45826944,,,,,
331,1,1,3,T4,310,53.07201375,,,,,
337,1,4,1,T4,385,63.22326261,,,,,
337,1,4,2,T4,389,44.5118665,,,,,
337,1,4,3,T4,394,43.99648028,,,,,
367,1,1,1,T4,313,53.54061402,,,,,
367,1,1,2,T4,320,67.08435219,,,,,
367,1,1,3,T4,323,51.79661721,,,,,
377,1,4,1,T4,410,79.74273037,,,,,
377,1,4,2,T4,413,70.26088345,,,,,
377,1,4,3,T4,419,67.98096533,,,,,
398,1,2,1,T4,493,.,,,,,
398,1,2,2,T4,498,48.35532207,,,,,
398,1,2,3,T4,500,65.1726275,,,,,
399,1,3,1,T4,361,76.81734296,,,,,
399,1,3,2,T4,365,73.25495519,,,,,
399,1,3,3,T4,371,59.18342864,,,,,
2825,1,3,1,T4,372,54.25803135,,,,,
2825,1,3,2,T4,377,73.65416475,,,,,
2825,1,3,3,T4,381,61.60532717,,,,,
3166,2,1,1,T4,445,55.67099574,,,,,
3166,2,1,2,T4,450,62.68282491,,,,,
3166,2,1,3,T4,454,60.99512039,,,,,
3565,2,3,1,T4,517,.,,,,,
3565,2,3,2,T4,523,.,,,,,
3565,2,3,3,T4,527,59.9832047,,,,,
3617,2,3,1,T4,528,71.9837627,,,,,
3617,2,3,2,T4,535,70.0525394,,,,,
3617,2,3,3,T4,536,81.36582635,,,,,
4045,1,2,1,T4,326,.,,,,,
4045,1,2,2,T4,329,.,,,,,
4045,1,2,3,T4,335,26.99244212,,,,,
4245,2,2,1,T4,471,.,,,,,
4245,2,2,2,T4,473,45.50989042,,,,,
4245,2,2,3,T4,476,27.58841287,,,,,
4455,1,4,1,T4,396,55.12270117,,,,,
4455,1,4,2,T4,402,52.33518397,,,,,
4455,1,4,3,T4,406,48.99608031,,,,,
BA0104,2,2,1,T4,458,38.79376072,,,,,
BA0104,2,2,2,T4,463,18.90622512,,,,,
BA0104,2,2,3,T4,465,27.91179872,,,,,
